MST,Max.TemperatureF,Mean.TemperatureF,Min.TemperatureF
2005-1-1,54,45,36
2005-1-2,45,41,37
2005-1-3,48,42,37
2005-1-4,50,42,33
2005-1-5,42,37,26
2005-1-6,39,30,21
2005-1-7,39,32,24
2005-1-8,55,44,34
2005-1-9,57,48,39
2005-1-10,61,50,39
2005-1-11,57,50,44
2005-1-12,42,37,32
2005-1-13,46,37,28
2005-1-14,46,38,30
2005-1-15,51,40,28
2005-1-16,54,42,30
2005-1-17,55,42,30
2005-1-18,57,44,30
2005-1-19,60,46,33
2005-1-20,57,42,28
2005-1-21,55,45,35
2005-1-22,55,48,39
2005-1-23,55,42,28
2005-1-24,55,42,30
2005-1-25,57,46,35
2005-1-26,50,44,39
2005-1-27,44,40,36
2005-1-28,48,40,32
2005-1-29,50,40,30
2005-1-30,39,36,33
2005-1-31,39,34,30
2005-2-1,39,36,32
2005-2-2,44,36,28
2005-2-3,50,38,26
2005-2-4,46,36,27
2005-2-5,46,42,37
2005-2-6,48,44,39
2005-2-7,50,43,36
2005-2-8,48,42,34
2005-2-9,52,39,26
2005-2-10,50,41,32
2005-2-11,45,42,39
2005-2-12,51,48,44
2005-2-13,55,48,37
2005-2-14,57,46,35
2005-2-15,59,50,41
2005-2-16,59,52,44
2005-2-17,52,46,39
2005-2-18,51,46,42
2005-2-19,57,48,39
2005-2-20,53,46,37
2005-2-21,55,45,35
2005-2-22,57,48,39
2005-2-23,55,47,39
2005-2-24,41,38,35
2005-2-25,42,39,35
2005-2-26,48,42,35
2005-2-27,52,42,33
2005-2-28,55,42,30
2005-3-1,52,42,33
2005-3-2,57,46,35
2005-3-3,54,44,33
2005-3-4,57,45,33
2005-3-5,55,48,41
2005-3-6,46,42,37
2005-3-7,57,46,34
2005-3-8,66,52,37
2005-3-9,63,49,35
2005-3-10,69,53,37
2005-3-11,64,52,39
2005-3-12,73,56,39
2005-3-13,70,56,42
2005-3-14,42,36,30
2005-3-15,32,29,26
2005-3-16,45,32,19
2005-3-17,55,42,30
2005-3-18,59,49,39
2005-3-19,53,46,39
2005-3-20,55,48,36
2005-3-21,53,43,33
2005-3-22,57,44,32
2005-3-23,63,53,43
2005-3-24,57,50,43
2005-3-25,48,42,37
2005-3-26,46,40,34
2005-3-27,60,46,32
2005-3-28,69,53,37
2005-3-29,53,44,35
2005-3-30,52,44,37
2005-3-31,51,42,33
2005-4-1,57,44,30
2005-4-2,68,52,37
2005-4-3,71,60,48
2005-4-4,73,58,42
2005-4-5,63,52,42
2005-4-6,68,52,39
2005-4-7,73,58,43
2005-4-8,77,64,51
2005-4-9,66,52,39
2005-4-10,52,42,32
2005-4-11,62,48,34
2005-4-12,68,54,39
2005-4-13,75,58,41
2005-4-14,75,62,48
2005-4-15,78,66,55
2005-4-16,73,61,51
2005-4-17,71,58,46
2005-4-18,75,62,48
2005-4-19,77,62,48
2005-4-20,77,62,46
2005-4-21,70,58,45
2005-4-22,73,60,46
2005-4-23,73,62,50
2005-4-24,61,54,46
2005-4-25,62,53,44
2005-4-26,66,56,45
2005-4-27,72,59,46
2005-4-28,68,56,44
2005-4-29,61,53,44
2005-4-30,69,55,41
2005-5-1,69,57,46
2005-5-2,55,50,45
2005-5-3,61,52,42
2005-5-4,70,57,43
2005-5-5,78,64,49
2005-5-6,77,66,55
2005-5-7,68,57,46
2005-5-8,74,59,44
2005-5-9,77,61,45
2005-5-10,83,68,52
2005-5-11,70,60,49
2005-5-12,73,58,42
2005-5-13,77,63,49
2005-5-14,76,66,55
2005-5-15,76,66,55
2005-5-16,83,67,51
2005-5-17,81,71,60
2005-5-18,80,67,53
2005-5-19,90,73,55
2005-5-20,93,76,58
2005-5-21,96,80,63
2005-5-22,95,80,65
2005-5-23,96,80,64
2005-5-24,94,81,67
2005-5-25,91,76,61
2005-5-26,78,70,61
2005-5-27,83,71,59
2005-5-28,79,67,55
2005-5-29,80,68,56
2005-5-30,82,70,57
2005-5-31,83,69,54
2005-6-1,87,72,57
2005-6-2,85,73,60
2005-6-3,83,71,58
2005-6-4,79,67,54
2005-6-5,85,71,56
2005-6-6,89,73,57
2005-6-7,89,73,57
2005-6-8,87,71,55
2005-6-9,86,71,55
2005-6-10,82,72,61
2005-6-11,85,71,56
2005-6-12,79,66,52
2005-6-13,86,72,57
2005-6-14,90,74,58
2005-6-15,92,80,67
2005-6-16,93,79,65
2005-6-17,93,78,62
2005-6-18,92,77,61
2005-6-19,94,77,59
2005-6-20,96,82,67
2005-6-21,91,81,71
2005-6-22,91,78,64
2005-6-23,93,80,67
2005-6-24,92,78,63
2005-6-25,86,77,68
2005-6-26,90,78,66
2005-6-27,92,78,64
2005-6-28,94,81,67
2005-6-29,97,81,64
2005-6-30,97,79,61
2005-7-1,97,82,66
2005-7-2,96,81,65
2005-7-3,95,81,67
2005-7-4,96,80,64
2005-7-5,94,81,68
2005-7-6,97,84,70
2005-7-7,97,83,69
2005-7-8,97,84,70
2005-7-9,95,81,66
2005-7-10,95,81,67
2005-7-11,99,84,68
2005-7-12,93,83,73
2005-7-13,92,82,71
2005-7-14,97,83,68
2005-7-15,97,85,73
2005-7-16,95,83,70
2005-7-17,98,84,69
2005-7-18,96,82,68
2005-7-19,99,86,72
2005-7-20,98,86,73
2005-7-21,95,83,71
2005-7-22,91,81,70
2005-7-23,92,81,70
2005-7-24,94,81,67
2005-7-25,89,80,71
2005-7-26,90,79,68
2005-7-27,83,74,64
2005-7-28,89,77,64
2005-7-29,90,77,64
2005-7-30,90,79,67
2005-7-31,91,81,70
2005-8-1,93,83,72
2005-8-2,91,80,69
2005-8-3,92,80,67
2005-8-4,91,79,66
2005-8-5,83,74,65
2005-8-6,87,77,66
2005-8-7,87,77,66
2005-8-8,89,77,64
2005-8-9,93,80,66
2005-8-10,92,79,66
2005-8-11,92,81,69
2005-8-12,75,70,65
2005-8-13,83,72,61
2005-8-14,78,70,62
2005-8-15,79,72,64
2005-8-16,84,75,65
2005-8-17,87,76,64
2005-8-18,88,77,65
2005-8-19,82,74,65
2005-8-20,86,76,65
2005-8-21,89,78,66
2005-8-22,90,77,64
2005-8-23,90,80,69
2005-8-24,87,75,63
2005-8-25,90,77,63
2005-8-26,93,80,67
2005-8-27,92,80,67
2005-8-28,87,75,63
2005-8-29,89,75,60
2005-8-30,93,79,65
2005-8-31,93,80,66
2005-9-1,85,75,65
2005-9-2,82,72,61
2005-9-3,80,71,62
2005-9-4,84,74,64
2005-9-5,83,74,64
2005-9-6,83,75,67
2005-9-7,79,73,66
2005-9-8,83,73,63
2005-9-9,85,75,64
2005-9-10,82,73,63
2005-9-11,80,71,62
2005-9-12,85,70,55
2005-9-13,82,69,55
2005-9-14,81,68,54
2005-9-15,78,66,53
2005-9-16,86,70,53
2005-9-17,89,73,57
2005-9-18,87,72,56
2005-9-19,88,75,61
2005-9-20,90,76,61
2005-9-21,88,76,63
2005-9-22,81,73,64
2005-9-23,85,74,62
2005-9-24,88,75,62
2005-9-25,89,74,58
2005-9-26,89,75,60
2005-9-27,89,75,61
2005-9-28,82,69,56
2005-9-29,59,55,51
2005-9-30,76,64,52
2005-10-1,79,65,51
2005-10-2,78,67,56
2005-10-3,80,69,57
2005-10-4,81,72,62
2005-10-5,78,65,51
2005-10-6,60,53,45
2005-10-7,63,57,50
2005-10-8,76,63,50
2005-10-9,59,53,47
2005-10-10,54,50,46
2005-10-11,63,54,45
2005-10-12,67,55,43
2005-10-13,70,60,50
2005-10-14,70,58,46
2005-10-15,59,55,50
2005-10-16,68,59,49
2005-10-17,72,61,49
2005-10-18,72,61,49
2005-10-19,63,57,50
2005-10-20,67,55,42
2005-10-21,69,58,47
2005-10-22,72,60,47
2005-10-23,63,54,44
2005-10-24,60,49,38
2005-10-25,68,55,42
2005-10-26,68,57,45
2005-10-27,68,58,47
2005-10-28,67,57,47
2005-10-29,67,58,48
2005-10-30,66,54,41
2005-10-31,59,51,43
2005-11-1,66,52,37
2005-11-2,67,53,39
2005-11-3,66,56,46
2005-11-4,70,57,43
2005-11-5,67,54,41
2005-11-6,68,54,39
2005-11-7,71,58,44
2005-11-8,69,56,42
2005-11-9,70,58,45
2005-11-10,72,58,44
2005-11-11,72,59,45
2005-11-12,63,51,39
2005-11-13,60,50,39
2005-11-14,69,53,37
2005-11-15,55,46,36
2005-11-16,52,38,24
2005-11-17,58,43,27
2005-11-18,53,44,35
2005-11-19,53,44,35
2005-11-20,54,42,30
2005-11-21,59,46,32
2005-11-22,61,47,32
2005-11-23,60,46,31
2005-11-24,60,48,36
2005-11-25,58,44,30
2005-11-26,56,42,27
2005-11-27,40,35,29
2005-11-28,40,32,24
2005-11-29,45,34,22
2005-11-30,59,43,26
2005-12-1,58,42,26
2005-12-2,63,50,37
2005-12-3,58,48,38
2005-12-4,39,33,27
2005-12-5,39,30,20
2005-12-6,44,31,17
2005-12-7,38,27,15
2005-12-8,36,23,9
2005-12-9,48,32,16
2005-12-10,51,41,30
2005-12-11,41,34,26
2005-12-12,45,37,29
2005-12-13,51,41,31
2005-12-14,44,35,26
2005-12-15,37,29,20
2005-12-16,43,32,20
2005-12-17,46,33,19
2005-12-18,50,39,28
2005-12-19,53,41,28
2005-12-20,53,43,33
2005-12-21,56,42,28
2005-12-22,57,44,30
2005-12-23,63,49,34
2005-12-24,56,44,32
2005-12-25,57,45,32
2005-12-26,63,47,31
2005-12-27,54,47,39
2005-12-28,56,42,28
2005-12-29,62,48,34
2005-12-30,50,39,28
2005-12-31,55,42,29
2006-1-1,56,47,38
2006-1-2,58,45,31
2006-1-3,60,49,37
2006-1-4,58,43,27
2006-1-5,51,41,31
2006-1-6,55,42,28
2006-1-7,56,41,25
2006-1-8,58,44,30
2006-1-9,44,37,29
2006-1-10,48,34,20
2006-1-11,52,37,21
2006-1-12,52,40,27
2006-1-13,52,36,20
2006-1-14,52,41,29
2006-1-15,58,46,34
2006-1-16,42,37,31
2006-1-17,48,35,22
2006-1-18,50,36,22
2006-1-19,57,45,33
2006-1-20,43,32,21
2006-1-21,43,31,19
2006-1-22,47,34,21
2006-1-23,48,37,25
2006-1-24,52,38,24
2006-1-25,47,40,32
2006-1-26,49,40,31
2006-1-27,52,39,26
2006-1-28,45,37,29
2006-1-29,53,39,24
2006-1-30,53,42,30
2006-1-31,61,46,30
2006-2-1,57,43,28
2006-2-2,63,48,33
2006-2-3,53,44,35
2006-2-4,54,40,25
2006-2-5,51,43,35
2006-2-6,48,39,29
2006-2-7,55,40,25
2006-2-8,60,42,23
2006-2-9,55,42,28
2006-2-10,52,39,26
2006-2-11,42,30,17
2006-2-12,51,36,21
2006-2-13,59,40,21
2006-2-14,57,41,24
2006-2-15,67,50,33
2006-2-16,48,41,34
2006-2-17,45,36,27
2006-2-18,56,44,31
2006-2-19,60,46,31
2006-2-20,55,43,31
2006-2-21,54,40,26
2006-2-22,54,44,33
2006-2-23,56,41,26
2006-2-24,61,47,32
2006-2-25,62,48,33
2006-2-26,61,47,32
2006-2-27,70,53,35
2006-2-28,73,57,41
2006-3-1,64,57,50
2006-3-2,65,53,40
2006-3-3,69,57,44
2006-3-4,68,55,41
2006-3-5,67,51,34
2006-3-6,73,56,39
2006-3-7,63,54,45
2006-3-8,53,47,40
2006-3-9,47,39,30
2006-3-10,57,47,37
2006-3-11,55,43,30
2006-3-12,39,34,28
2006-3-13,44,31,18
2006-3-14,56,41,26
2006-3-15,66,52,39
2006-3-16,63,48,34
2006-3-17,64,57,50
2006-3-18,63,54,45
2006-3-19,48,42,34
2006-3-20,52,41,30
2006-3-21,57,42,28
2006-3-22,41,36,30
2006-3-23,54,42,30
2006-3-24,61,47,33
2006-3-25,68,54,40
2006-3-26,70,60,50
2006-3-27,63,50,37
2006-3-28,62,54,46
2006-3-29,68,55,42
2006-3-30,57,49,41
2006-3-31,69,53,37
2006-4-1,63,56,48
2006-4-2,66,52,39
2006-4-3,71,60,48
2006-4-4,75,62,52
2006-4-5,73,62,50
2006-4-6,57,47,37
2006-4-7,69,56,44
2006-4-8,72,58,43
2006-4-9,78,60,44
2006-4-10,75,62,51
2006-4-11,73,62,51
2006-4-12,79,62,48
2006-4-13,82,66,51
2006-4-14,78,66,53
2006-4-15,73,62,52
2006-4-16,78,62,46
2006-4-17,80,65,51
2006-4-18,64,54,44
2006-4-19,72,56,39
2006-4-20,75,60,48
2006-4-21,75,60,46
2006-4-22,84,68,55
2006-4-23,82,68,55
2006-4-24,73,62,51
2006-4-25,73,59,46
2006-4-26,77,62,46
2006-4-27,80,66,52
2006-4-28,70,58,46
2006-4-29,69,54,41
2006-4-30,80,63,46
2006-5-1,79,68,57
2006-5-2,84,68,55
2006-5-3,81,68,57
2006-5-4,80,68,57
2006-5-5,75,64,53
2006-5-6,75,62,48
2006-5-7,79,65,52
2006-5-8,84,66,51
2006-5-9,82,68,54
2006-5-10,75,62,48
2006-5-11,77,62,50
2006-5-12,86,70,55
2006-5-13,88,71,55
2006-5-14,87,73,62
2006-5-15,72,64,57
2006-5-16,81,67,53
2006-5-17,82,68,55
2006-5-18,89,75,62
2006-5-19,90,75,61
2006-5-20,91,76,64
2006-5-21,90,76,62
2006-5-22,91,80,70
2006-5-23,84,70,57
2006-5-24,89,72,57
2006-5-25,91,76,61
2006-5-26,90,75,61
2006-5-27,86,70,57
2006-5-28,84,74,64
2006-5-29,82,69,57
2006-5-30,86,70,57
2006-5-31,86,74,63
2006-6-1,84,74,64
2006-6-2,91,78,66
2006-6-3,93,78,66
2006-6-4,96,82,68
2006-6-5,98,84,69
2006-6-6,96,84,72
2006-6-7,91,82,73
2006-6-8,86,77,68
2006-6-9,86,72,61
2006-6-10,91,76,62
2006-6-11,91,78,64
2006-6-12,95,80,64
2006-6-13,97,84,72
2006-6-14,95,82,72
2006-6-15,93,85,75
2006-6-16,84,74,64
2006-6-17,91,74,57
2006-6-18,95,78,63
2006-6-19,98,82,66
2006-6-20,96,82,70
2006-6-21,96,80,64
2006-6-22,91,80,70
2006-6-23,91,78,64
2006-6-24,96,80,66
2006-6-25,87,75,64
2006-6-26,82,70,59
2006-6-27,81,68,57
2006-6-28,84,71,60
2006-6-29,88,76,64
2006-6-30,89,76,64
2006-7-1,91,80,72
2006-7-2,91,80,70
2006-7-3,91,79,68
2006-7-4,91,78,68
2006-7-5,81,74,69
2006-7-6,80,70,62
2006-7-7,82,72,64
2006-7-8,82,72,63
2006-7-9,84,72,62
2006-7-10,84,74,63
2006-7-11,93,78,66
2006-7-12,96,82,71
2006-7-13,97,86,75
2006-7-14,98,84,71
2006-7-15,95,82,70
2006-7-16,91,81,71
2006-7-17,96,84,73
2006-7-18,93,82,70
2006-7-19,91,79,68
2006-7-20,93,82,72
2006-7-21,96,84,71
2006-7-22,90,80,72
2006-7-23,91,80,69
2006-7-24,96,82,70
2006-7-25,93,78,66
2006-7-26,95,80,66
2006-7-27,90,78,66
2006-7-28,81,72,63
2006-7-29,74,69,64
2006-7-30,84,74,64
2006-7-31,83,73,62
2006-8-1,82,73,64
2006-8-2,87,75,62
2006-8-3,84,76,67
2006-8-4,80,73,66
2006-8-5,81,72,62
2006-8-6,83,74,64
2006-8-7,85,75,65
2006-8-8,87,77,66
2006-8-9,86,77,68
2006-8-10,87,76,64
2006-8-11,91,79,67
2006-8-12,83,74,64
2006-8-13,87,75,63
2006-8-14,76,70,64
2006-8-15,73,68,63
2006-8-16,80,72,63
2006-8-17,86,75,63
2006-8-18,88,77,65
2006-8-19,79,72,64
2006-8-20,79,71,63
2006-8-21,82,73,63
2006-8-22,78,71,64
2006-8-23,80,72,63
2006-8-24,86,75,64
2006-8-25,79,70,61
2006-8-26,83,73,63
2006-8-27,86,74,62
2006-8-28,84,74,63
2006-8-29,83,73,63
2006-8-30,86,74,62
2006-8-31,86,75,63
2006-9-1,84,74,64
2006-9-2,71,67,62
2006-9-3,67,63,59
2006-9-4,77,67,57
2006-9-5,81,70,59
2006-9-6,80,70,60
2006-9-7,74,66,57
2006-9-8,70,63,56
2006-9-9,76,65,53
2006-9-10,79,67,55
2006-9-11,80,71,61
2006-9-12,80,70,60
2006-9-13,78,69,60
2006-9-14,76,68,59
2006-9-15,79,68,57
2006-9-16,81,68,54
2006-9-17,72,62,51
2006-9-18,72,59,46
2006-9-19,77,60,43
2006-9-20,75,61,47
2006-9-21,72,57,41
2006-9-22,66,57,48
2006-9-23,62,55,47
2006-9-24,67,58,48
2006-9-25,74,60,46
2006-9-26,80,68,55
2006-9-27,80,66,52
2006-9-28,77,65,52
2006-9-29,84,68,51
2006-9-30,83,66,49
2006-10-1,82,66,50
2006-10-2,81,67,53
2006-10-3,81,68,54
2006-10-4,81,71,60
2006-10-5,79,70,61
2006-10-6,78,69,59
2006-10-7,75,67,59
2006-10-8,68,62,55
2006-10-9,63,55,47
2006-10-10,65,54,43
2006-10-11,70,57,44
2006-10-12,70,57,43
2006-10-13,73,60,46
2006-10-14,65,58,50
2006-10-15,62,55,47
2006-10-16,70,56,41
2006-10-17,69,57,45
2006-10-18,58,51,44
2006-10-19,60,48,35
2006-10-20,65,51,37
2006-10-21,62,53,43
2006-10-22,62,50,37
2006-10-23,66,51,35
2006-10-24,60,53,46
2006-10-25,67,55,43
2006-10-26,51,44,37
2006-10-27,61,50,38
2006-10-28,64,51,38
2006-10-29,62,50,38
2006-10-30,66,53,40
2006-10-31,65,51,37
2006-11-1,63,51,38
2006-11-2,60,48,35
2006-11-3,64,51,38
2006-11-4,68,55,42
2006-11-5,64,53,41
2006-11-6,65,53,40
2006-11-7,68,56,43
2006-11-8,72,58,43
2006-11-9,73,58,42
2006-11-10,58,48,37
2006-11-11,60,45,29
2006-11-12,56,48,39
2006-11-13,51,42,32
2006-11-14,64,49,33
2006-11-15,51,41,30
2006-11-16,59,44,29
2006-11-17,63,49,34
2006-11-18,63,48,33
2006-11-19,63,52,40
2006-11-20,60,47,34
2006-11-21,61,49,36
2006-11-22,66,50,33
2006-11-23,63,48,32
2006-11-24,62,50,37
2006-11-25,60,48,36
2006-11-26,59,49,38
2006-11-27,55,45,34
2006-11-28,54,46,37
2006-11-29,44,33,21
2006-11-30,33,25,16
2006-12-1,44,31,17
2006-12-2,44,35,26
2006-12-3,38,30,22
2006-12-4,46,34,21
2006-12-5,51,35,19
2006-12-6,55,41,26
2006-12-7,48,40,31
2006-12-8,47,36,24
2006-12-9,48,37,25
2006-12-10,52,38,24
2006-12-11,46,38,29
2006-12-12,46,35,24
2006-12-13,53,40,27
2006-12-14,54,44,34
2006-12-15,52,39,26
2006-12-16,53,42,31
2006-12-17,59,47,34
2006-12-18,48,41,33
2006-12-19,37,33,29
2006-12-20,34,30,26
2006-12-21,36,28,19
2006-12-22,37,29,21
2006-12-23,44,36,27
2006-12-24,44,34,24
2006-12-25,41,32,22
2006-12-26,51,39,26
2006-12-27,49,41,33
2006-12-28,45,39,32
2006-12-29,33,31,28
2006-12-30,33,23,12
2006-12-31,26,17,8
2007-1-1,30,18,5
2007-1-2,31,22,12
2007-1-3,35,21,6
2007-1-4,40,27,14
2007-1-5,41,33,24
2007-1-6,34,30,25
2007-1-7,37,31,25
2007-1-8,44,34,23
2007-1-9,40,30,19
2007-1-10,41,31,20
2007-1-11,51,41,30
2007-1-12,54,46,38
2007-1-13,52,45,38
2007-1-14,42,32,21
2007-1-15,30,23,15
2007-1-16,36,25,14
2007-1-17,39,32,24
2007-1-18,36,30,24
2007-1-19,37,31,25
2007-1-20,38,33,28
2007-1-21,38,31,24
2007-1-22,38,32,25
2007-1-23,44,32,20
2007-1-24,50,37,24
2007-1-25,49,38,26
2007-1-26,45,33,21
2007-1-27,46,35,23
2007-1-28,49,37,25
2007-1-29,49,38,27
2007-1-30,41,33,25
2007-1-31,44,37,30
2007-2-1,38,32,26
2007-2-2,34,27,20
2007-2-3,47,32,16
2007-2-4,54,39,24
2007-2-5,60,45,30
2007-2-6,62,46,30
2007-2-7,64,47,30
2007-2-8,65,48,30
2007-2-9,59,46,32
2007-2-10,61,49,37
2007-2-11,55,48,41
2007-2-12,54,44,34
2007-2-13,44,37,29
2007-2-14,36,31,25
2007-2-15,40,30,19
2007-2-16,54,41,27
2007-2-17,54,45,35
2007-2-18,53,41,28
2007-2-19,57,46,34
2007-2-20,52,43,33
2007-2-21,59,44,28
2007-2-22,57,44,30
2007-2-23,60,46,31
2007-2-24,45,38,30
2007-2-25,57,39,21
2007-2-26,62,50,37
2007-2-27,65,50,34
2007-2-28,52,42,31
2007-3-1,45,35,24
2007-3-2,46,34,21
2007-3-3,41,30,19
2007-3-4,53,36,18
2007-3-5,56,41,26
2007-3-6,67,47,27
2007-3-7,67,52,37
2007-3-8,66,54,42
2007-3-9,67,52,36
2007-3-10,65,53,40
2007-3-11,63,49,35
2007-3-12,68,53,37
2007-3-13,74,57,39
2007-3-14,79,61,43
2007-3-15,77,61,45
2007-3-16,71,56,41
2007-3-17,78,61,43
2007-3-18,79,61,43
2007-3-19,72,60,47
2007-3-20,73,59,45
2007-3-21,69,58,46
2007-3-22,63,56,48
2007-3-23,61,54,47
2007-3-24,58,49,39
2007-3-25,66,53,40
2007-3-26,71,58,46
2007-3-27,74,59,44
2007-3-28,60,50,40
2007-3-29,53,44,34
2007-3-30,49,42,34
2007-3-31,65,48,30
2007-4-1,72,55,37
2007-4-2,76,60,43
2007-4-3,75,60,45
2007-4-4,76,63,49
2007-4-5,80,64,47
2007-4-6,66,52,38
2007-4-7,48,41,34
2007-4-8,73,56,38
2007-4-9,61,53,44
2007-4-10,63,53,43
2007-4-11,57,47,37
2007-4-12,62,50,37
2007-4-13,48,41,34
2007-4-14,57,44,31
2007-4-15,72,56,39
2007-4-16,70,58,46
2007-4-17,67,54,41
2007-4-18,74,59,43
2007-4-19,68,56,43
2007-4-20,74,59,44
2007-4-21,64,52,40
2007-4-22,68,52,36
2007-4-23,72,58,43
2007-4-24,61,51,40
2007-4-25,72,58,43
2007-4-26,73,60,47
2007-4-27,79,65,51
2007-4-28,79,69,58
2007-4-29,75,64,52
2007-4-30,84,66,48
2007-5-1,80,67,54
2007-5-2,67,58,49
2007-5-3,78,63,48
2007-5-4,77,64,50
2007-5-5,60,53,45
2007-5-6,58,51,44
2007-5-7,68,53,38
2007-5-8,67,59,50
2007-5-9,73,61,48
2007-5-10,82,67,52
2007-5-11,82,70,58
2007-5-12,84,70,56
2007-5-13,82,69,55
2007-5-14,82,69,56
2007-5-15,75,64,52
2007-5-16,73,64,54
2007-5-17,66,60,54
2007-5-18,79,66,52
2007-5-19,79,68,56
2007-5-20,76,65,54
2007-5-21,82,69,56
2007-5-22,81,66,51
2007-5-23,76,62,48
2007-5-24,76,61,46
2007-5-25,76,67,58
2007-5-26,79,67,54
2007-5-27,81,69,57
2007-5-28,83,69,55
2007-5-29,85,70,54
2007-5-30,84,72,59
2007-5-31,85,69,53
2007-6-1,88,72,55
2007-6-2,88,75,61
2007-6-3,84,75,65
2007-6-4,85,73,60
2007-6-5,90,73,55
2007-6-6,87,75,63
2007-6-7,77,65,53
2007-6-8,84,70,55
2007-6-9,86,72,58
2007-6-10,87,72,57
2007-6-11,83,71,58
2007-6-12,74,64,53
2007-6-13,85,70,54
2007-6-14,89,73,57
2007-6-15,92,78,64
2007-6-16,89,79,69
2007-6-17,94,79,64
2007-6-18,93,78,62
2007-6-19,95,79,62
2007-6-20,94,80,66
2007-6-21,96,83,69
2007-6-22,94,80,66
2007-6-23,95,82,68
2007-6-24,96,79,62
2007-6-25,97,83,68
2007-6-26,98,82,65
2007-6-27,93,81,68
2007-6-28,91,78,64
2007-6-29,95,80,65
2007-6-30,99,83,66
2007-7-1,99,85,71
2007-7-2,98,86,73
2007-7-3,100,85,70
2007-7-4,94,80,65
2007-7-5,83,73,63
2007-7-6,88,77,66
2007-7-7,89,78,66
2007-7-8,95,80,65
2007-7-9,97,83,68
2007-7-10,96,83,69
2007-7-11,91,80,69
2007-7-12,88,78,67
2007-7-13,88,79,69
2007-7-14,93,78,63
2007-7-15,96,82,67
2007-7-16,97,82,67
2007-7-17,97,84,70
2007-7-18,97,84,71
2007-7-19,94,80,66
2007-7-20,91,79,67
2007-7-21,91,80,69
2007-7-22,82,75,67
2007-7-23,89,78,67
2007-7-24,88,78,67
2007-7-25,88,75,62
2007-7-26,90,80,69
2007-7-27,87,77,66
2007-7-28,90,77,63
2007-7-29,88,79,69
2007-7-30,85,76,66
2007-7-31,88,76,64
2007-8-1,90,79,68
2007-8-2,89,79,68
2007-8-3,88,79,69
2007-8-4,91,80,68
2007-8-5,91,79,66
2007-8-6,89,78,67
2007-8-7,83,72,61
2007-8-8,90,76,62
2007-8-9,95,82,69
2007-8-10,90,79,67
2007-8-11,94,79,64
2007-8-12,95,83,71
2007-8-13,94,82,70
2007-8-14,92,83,74
2007-8-15,94,82,69
2007-8-16,93,82,71
2007-8-17,92,81,69
2007-8-18,94,80,66
2007-8-19,96,84,71
2007-8-20,96,83,70
2007-8-21,97,82,66
2007-8-22,97,84,71
2007-8-23,93,82,70
2007-8-24,93,79,64
2007-8-25,92,81,69
2007-8-26,92,81,70
2007-8-27,90,77,63
2007-8-28,91,79,66
2007-8-29,90,79,67
2007-8-30,83,73,62
2007-8-31,87,78,68
2007-9-1,85,75,65
2007-9-2,83,73,63
2007-9-3,86,75,63
2007-9-4,87,75,63
2007-9-5,89,76,62
2007-9-6,76,70,63
2007-9-7,88,75,61
2007-9-8,89,77,65
2007-9-9,79,72,64
2007-9-10,87,75,63
2007-9-11,83,71,58
2007-9-12,87,74,61
2007-9-13,90,75,59
2007-9-14,90,75,59
2007-9-15,89,78,67
2007-9-16,88,76,64
2007-9-17,78,71,64
2007-9-18,81,68,54
2007-9-19,86,70,54
2007-9-20,72,65,58
2007-9-21,78,67,56
2007-9-22,84,73,61
2007-9-23,78,69,59
2007-9-24,77,68,58
2007-9-25,76,64,52
2007-9-26,81,67,53
2007-9-27,82,68,53
2007-9-28,82,72,62
2007-9-29,82,73,63
2007-9-30,77,65,53
2007-10-1,70,62,53
2007-10-2,76,66,56
2007-10-3,80,64,47
2007-10-4,82,69,56
2007-10-5,83,70,56
2007-10-6,82,67,52
2007-10-7,64,53,42
2007-10-8,73,57,40
2007-10-9,77,63,48
2007-10-10,78,67,56
2007-10-11,82,67,52
2007-10-12,83,68,52
2007-10-13,75,63,51
2007-10-14,69,56,43
2007-10-15,69,56,42
2007-10-16,72,57,41
2007-10-17,67,58,49
2007-10-18,62,53,43
2007-10-19,71,57,42
2007-10-20,84,65,45
2007-10-21,65,52,38
2007-10-22,58,46,33
2007-10-23,68,53,37
2007-10-24,72,59,46
2007-10-25,76,60,44
2007-10-26,76,60,44
2007-10-27,71,61,51
2007-10-28,72,58,43
2007-10-29,72,59,45
2007-10-30,73,59,44
2007-10-31,68,57,46
2007-11-1,63,51,39
2007-11-2,68,55,42
2007-11-3,66,53,39
2007-11-4,71,56,40
2007-11-5,72,60,47
2007-11-6,61,51,41
2007-11-7,68,54,40
2007-11-8,74,57,40
2007-11-9,72,57,41
2007-11-10,71,57,43
2007-11-11,70,56,42
2007-11-12,68,54,40
2007-11-13,70,54,37
2007-11-14,69,55,41
2007-11-15,55,46,36
2007-11-16,60,48,36
2007-11-17,66,52,37
2007-11-18,68,53,38
2007-11-19,70,52,34
2007-11-20,73,56,38
2007-11-21,57,47,37
2007-11-22,42,37,31
2007-11-23,39,35,31
2007-11-24,42,35,28
2007-11-25,49,36,22
2007-11-26,47,37,27
2007-11-27,48,36,24
2007-11-28,52,44,35
2007-11-29,41,34,27
2007-11-30,53,44,34
2007-12-1,62,53,44
2007-12-2,46,40,34
2007-12-3,52,41,29
2007-12-4,63,48,32
2007-12-5,56,46,36
2007-12-6,62,53,43
2007-12-7,64,54,44
2007-12-8,55,46,36
2007-12-9,48,41,34
2007-12-10,40,36,32
2007-12-11,43,38,33
2007-12-12,42,37,31
2007-12-13,41,34,27
2007-12-14,39,33,26
2007-12-15,35,29,22
2007-12-16,40,30,19
2007-12-17,45,33,21
2007-12-18,52,40,27
2007-12-19,50,38,25
2007-12-20,49,37,24
2007-12-21,50,39,27
2007-12-22,37,28,18
2007-12-23,45,33,21
2007-12-24,43,32,21
2007-12-25,44,35,25
2007-12-26,34,25,16
2007-12-27,32,27,21
2007-12-28,30,21,11
2007-12-29,39,30,20
2007-12-30,45,32,18
2007-12-31,40,31,21
2008-1-1,35,25,15
2008-1-2,39,28,16
2008-1-3,44,32,19
2008-1-4,51,42,33
2008-1-5,57,45,33
2008-1-6,53,45,36
2008-1-7,48,40,32
2008-1-8,40,34,27
2008-1-9,50,37,24
2008-1-10,43,36,28
2008-1-11,49,37,24
2008-1-12,44,36,28
2008-1-13,41,31,21
2008-1-14,45,34,23
2008-1-15,40,28,16
2008-1-16,31,25,18
2008-1-17,30,22,13
2008-1-18,36,27,17
2008-1-19,39,25,10
2008-1-20,44,29,14
2008-1-21,51,36,20
2008-1-22,50,37,23
2008-1-23,52,37,22
2008-1-24,40,35,29
2008-1-25,49,39,29
2008-1-26,52,36,20
2008-1-27,50,38,25
2008-1-28,52,39,26
2008-1-29,37,30,23
2008-1-30,42,32,21
2008-1-31,35,27,18
2008-2-1,47,31,15
2008-2-2,54,39,23
2008-2-3,53,41,29
2008-2-4,44,36,28
2008-2-5,33,28,23
2008-2-6,38,26,14
2008-2-7,47,37,26
2008-2-8,49,39,28
2008-2-9,56,43,29
2008-2-10,60,45,29
2008-2-11,59,44,29
2008-2-12,55,44,32
2008-2-13,62,45,28
2008-2-14,64,53,42
2008-2-15,52,45,37
2008-2-16,55,44,32
2008-2-17,52,44,36
2008-2-18,56,41,25
2008-2-19,55,43,31
2008-2-20,56,43,30
2008-2-21,47,41,34
2008-2-22,50,39,27
2008-2-23,51,44,36
2008-2-24,58,44,30
2008-2-25,56,47,38
2008-2-26,54,42,29
2008-2-27,60,44,27
2008-2-28,69,51,32
2008-2-29,68,55,41
2008-3-1,71,55,38
2008-3-2,55,42,28
2008-3-3,45,34,23
2008-3-4,61,42,22
2008-3-5,53,43,33
2008-3-6,46,37,28
2008-3-7,53,38,23
2008-3-8,56,42,27
2008-3-9,56,46,35
2008-3-10,60,46,31
2008-3-11,64,50,35
2008-3-12,69,52,35
2008-3-13,69,55,41
2008-3-14,66,51,36
2008-3-15,66,48,30
2008-3-16,66,50,34
2008-3-17,49,41,32
2008-3-18,59,42,25
2008-3-19,62,46,29
2008-3-20,74,55,36
2008-3-21,68,54,40
2008-3-22,66,53,39
2008-3-23,57,47,37
2008-3-24,68,50,32
2008-3-25,75,57,39
2008-3-26,75,59,43
2008-3-27,74,58,41
2008-3-28,66,54,42
2008-3-29,72,56,39
2008-3-30,75,59,43
2008-3-31,67,55,43
2008-4-1,68,53,37
2008-4-2,73,58,42
2008-4-3,62,52,41
2008-4-4,66,50,34
2008-4-5,70,55,39
2008-4-6,71,56,41
2008-4-7,72,58,43
2008-4-8,69,57,44
2008-4-9,59,50,41
2008-4-10,55,46,36
2008-4-11,54,45,35
2008-4-12,61,47,32
2008-4-13,67,54,40
2008-4-14,76,58,40
2008-4-15,83,64,45
2008-4-16,77,62,47
2008-4-17,57,48,38
2008-4-18,70,50,29
2008-4-19,77,61,44
2008-4-20,76,64,52
2008-4-21,77,61,45
2008-4-22,77,59,41
2008-4-23,80,65,50
2008-4-24,79,65,51
2008-4-25,68,55,41
2008-4-26,71,55,39
2008-4-27,63,51,39
2008-4-28,73,56,38
2008-4-29,80,61,42
2008-4-30,84,67,50
2008-5-1,65,54,42
2008-5-2,62,46,30
2008-5-3,70,56,41
2008-5-4,80,63,46
2008-5-5,83,68,52
2008-5-6,77,64,51
2008-5-7,79,67,55
2008-5-8,78,67,56
2008-5-9,76,61,46
2008-5-10,75,65,54
2008-5-11,81,65,48
2008-5-12,84,68,51
2008-5-13,74,61,47
2008-5-14,62,55,48
2008-5-15,55,51,47
2008-5-16,70,60,50
2008-5-17,78,65,51
2008-5-18,84,67,49
2008-5-19,92,74,55
2008-5-20,94,79,63
2008-5-21,90,74,57
2008-5-22,61,53,45
2008-5-23,56,50,43
2008-5-24,74,60,46
2008-5-25,84,67,50
2008-5-26,86,70,54
2008-5-27,83,70,56
2008-5-28,89,75,61
2008-5-29,91,76,61
2008-5-30,86,70,53
2008-5-31,91,73,54
2008-6-1,93,74,55
2008-6-2,94,78,62
2008-6-3,90,74,57
2008-6-4,89,73,57
2008-6-5,71,60,48
2008-6-6,85,67,48
2008-6-7,95,77,59
2008-6-8,89,74,59
2008-6-9,86,72,57
2008-6-10,96,78,59
2008-6-11,90,75,60
2008-6-12,90,72,54
2008-6-13,88,72,56
2008-6-14,94,77,60
2008-6-15,96,81,65
2008-6-16,96,81,65
2008-6-17,97,84,70
2008-6-18,97,82,67
2008-6-19,96,80,66
2008-6-20,89,78,67
2008-6-21,88,77,66
2008-6-22,92,77,62
2008-6-23,94,80,65
2008-6-24,93,79,65
2008-6-25,94,82,69
2008-6-26,93,82,70
2008-6-27,87,75,63
2008-6-28,94,81,68
2008-6-29,86,76,65
2008-6-30,88,75,62
2008-7-1,91,79,66
2008-7-2,91,78,64
2008-7-3,91,79,66
2008-7-4,90,77,64
2008-7-5,94,81,68
2008-7-6,89,78,67
2008-7-7,84,75,65
2008-7-8,87,76,64
2008-7-9,79,71,62
2008-7-10,79,72,64
2008-7-11,81,73,64
2008-7-12,82,72,62
2008-7-13,73,68,62
2008-7-14,80,73,65
2008-7-15,89,76,62
2008-7-16,91,78,64
2008-7-17,93,80,66
2008-7-18,92,81,69
2008-7-19,89,78,66
2008-7-20,80,73,66
2008-7-21,87,78,68
2008-7-22,88,73,58
2008-7-23,89,78,66
2008-7-24,93,80,67
2008-7-25,93,82,70
2008-7-26,80,74,67
2008-7-27,87,76,64
2008-7-28,91,79,66
2008-7-29,94,80,65
2008-7-30,96,83,70
2008-7-31,97,84,70
2008-8-1,97,84,71
2008-8-2,96,83,69
2008-8-3,94,82,70
2008-8-4,91,78,65
2008-8-5,85,75,65
2008-8-6,90,78,66
2008-8-7,90,79,68
2008-8-8,88,77,66
2008-8-9,86,75,64
2008-8-10,91,80,68
2008-8-11,93,80,66
2008-8-12,92,81,69
2008-8-13,92,81,69
2008-8-14,91,79,67
2008-8-15,89,77,64
2008-8-16,78,70,61
2008-8-17,79,69,58
2008-8-18,84,72,59
2008-8-19,87,75,63
2008-8-20,85,74,63
2008-8-21,91,76,60
2008-8-22,95,80,64
2008-8-23,91,81,70
2008-8-24,89,77,64
2008-8-25,88,76,64
2008-8-26,86,75,63
2008-8-27,80,73,66
2008-8-28,91,77,63
2008-8-29,88,78,68
2008-8-30,80,72,64
2008-8-31,74,68,62
2008-9-1,81,70,58
2008-9-2,85,75,64
2008-9-3,78,70,61
2008-9-4,86,71,55
2008-9-5,88,72,56
2008-9-6,90,75,60
2008-9-7,88,74,60
2008-9-8,85,72,59
2008-9-9,80,69,57
2008-9-10,84,71,58
2008-9-11,72,68,63
2008-9-12,79,70,61
2008-9-13,82,68,54
2008-9-14,80,72,63
2008-9-15,80,68,56
2008-9-16,77,67,56
2008-9-17,78,67,56
2008-9-18,82,69,56
2008-9-19,83,70,56
2008-9-20,83,71,58
2008-9-21,83,74,64
2008-9-22,85,73,60
2008-9-23,84,72,60
2008-9-24,84,72,59
2008-9-25,81,70,61
2008-9-26,81,70,59
2008-9-27,82,71,60
2008-9-28,82,70,57
2008-9-29,82,70,57
2008-9-30,79,67,55
2008-10-1,82,68,53
2008-10-2,81,68,54
2008-10-3,80,68,55
2008-10-4,76,65,54
2008-10-5,58,54,49
2008-10-6,67,59,51
2008-10-7,71,59,46
2008-10-8,75,62,49
2008-10-9,79,65,51
2008-10-10,78,65,51
2008-10-11,76,68,60
2008-10-12,67,57,46
2008-10-13,64,51,38
2008-10-14,53,48,43
2008-10-15,64,52,40
2008-10-16,67,56,44
2008-10-17,73,59,45
2008-10-18,73,60,47
2008-10-19,75,62,48
2008-10-20,74,62,50
2008-10-21,76,62,47
2008-10-22,61,50,39
2008-10-23,60,45,30
2008-10-24,70,54,38
2008-10-25,71,56,40
2008-10-26,78,64,49
2008-10-27,63,53,42
2008-10-28,71,58,45
2008-10-29,72,59,45
2008-10-30,74,59,43
2008-10-31,72,59,45
2008-11-1,73,58,43
2008-11-2,73,60,46
2008-11-3,70,60,49
2008-11-4,70,58,45
2008-11-5,55,45,35
2008-11-6,47,39,31
2008-11-7,54,42,30
2008-11-8,59,45,30
2008-11-9,58,46,33
2008-11-10,51,46,40
2008-11-11,56,46,35
2008-11-12,58,44,30
2008-11-13,66,53,39
2008-11-14,65,52,39
2008-11-15,53,41,28
2008-11-16,60,44,28
2008-11-17,67,52,36
2008-11-18,66,53,39
2008-11-19,63,49,35
2008-11-20,53,44,34
2008-11-21,47,38,29
2008-11-22,56,42,28
2008-11-23,62,47,31
2008-11-24,57,46,34
2008-11-25,54,43,31
2008-11-26,62,48,34
2008-11-27,50,43,36
2008-11-28,50,43,36
2008-11-29,53,44,35
2008-11-30,58,49,39
2008-12-1,60,49,38
2008-12-2,63,49,35
2008-12-3,54,45,35
2008-12-4,49,40,30
2008-12-5,50,38,26
2008-12-6,57,46,35
2008-12-7,56,44,32
2008-12-8,51,43,34
2008-12-9,41,36,31
2008-12-10,47,36,25
2008-12-11,51,39,26
2008-12-12,49,40,30
2008-12-13,58,47,35
2008-12-14,48,39,30
2008-12-15,31,28,25
2008-12-16,45,35,25
2008-12-17,50,43,35
2008-12-18,47,40,33
2008-12-19,44,36,27
2008-12-20,52,39,26
2008-12-21,44,35,26
2008-12-22,43,36,28
2008-12-23,45,38,30
2008-12-24,42,36,29
2008-12-25,54,44,33
2008-12-26,50,38,25
2008-12-27,30,25,20
2008-12-28,40,31,21
2008-12-29,47,36,24
2008-12-30,54,40,25
2008-12-31,49,40,31
2009-1-1,56,42,28
2009-1-2,57,43,28
2009-1-3,57,44,31
2009-1-4,42,34,25
2009-1-5,40,31,21
2009-1-6,41,34,27
2009-1-7,49,36,23
2009-1-8,57,43,28
2009-1-9,54,41,27
2009-1-10,46,37,28
2009-1-11,48,37,25
2009-1-12,51,40,28
2009-1-13,50,36,22
2009-1-14,54,41,27
2009-1-15,54,41,27
2009-1-16,54,40,25
2009-1-17,56,43,30
2009-1-18,57,44,30
2009-1-19,57,42,27
2009-1-20,60,46,31
2009-1-21,58,42,25
2009-1-22,59,46,33
2009-1-23,62,52,41
2009-1-24,59,49,38
2009-1-25,59,46,34
2009-1-26,62,48,33
2009-1-27,43,35,26
2009-1-28,49,38,26
2009-1-29,46,37,27
2009-1-30,53,39,24
2009-1-31,54,38,22
2009-2-1,55,40,25
2009-2-2,56,40,23
2009-2-3,58,44,29
2009-2-4,59,45,31
2009-2-5,60,44,27
2009-2-6,65,49,32
2009-2-7,66,51,35
2009-2-8,62,49,36
2009-2-9,52,42,32
2009-2-10,41,36,30
2009-2-11,48,34,19
2009-2-12,60,47,34
2009-2-13,48,38,27
2009-2-14,51,38,25
2009-2-15,50,37,23
2009-2-16,60,44,27
2009-2-17,55,44,33
2009-2-18,50,39,27
2009-2-19,53,39,25
2009-2-20,58,42,25
2009-2-21,60,45,29
2009-2-22,62,47,31
2009-2-23,73,56,39
2009-2-24,72,57,42
2009-2-25,74,55,36
2009-2-26,68,55,42
2009-2-27,68,53,37
2009-2-28,57,45,33
2009-3-1,62,47,32
2009-3-2,71,54,36
2009-3-3,73,57,41
2009-3-4,72,62,51
2009-3-5,71,55,39
2009-3-6,66,55,43
2009-3-7,59,49,38
2009-3-8,61,44,26
2009-3-9,54,46,38
2009-3-10,56,49,41
2009-3-11,57,45,33
2009-3-12,58,45,32
2009-3-13,51,44,37
2009-3-14,49,43,36
2009-3-15,61,46,31
2009-3-16,66,52,37
2009-3-17,73,57,40
2009-3-18,73,58,43
2009-3-19,72,59,46
2009-3-20,72,60,47
2009-3-21,75,63,51
2009-3-22,75,65,54
2009-3-23,58,49,40
2009-3-24,59,46,33
2009-3-25,62,47,31
2009-3-26,60,48,35
2009-3-27,44,35,26
2009-3-28,60,44,27
2009-3-29,68,52,35
2009-3-30,54,44,34
2009-3-31,61,45,28
2009-4-1,58,48,37
2009-4-2,63,46,28
2009-4-3,74,58,41
2009-4-4,53,45,37
2009-4-5,57,46,35
2009-4-6,61,47,33
2009-4-7,72,55,37
2009-4-8,78,61,43
2009-4-9,66,53,39
2009-4-10,72,56,40
2009-4-11,60,51,41
2009-4-12,60,48,36
2009-4-13,67,53,38
2009-4-14,75,61,46
2009-4-15,71,59,47
2009-4-16,53,44,35
2009-4-17,47,42,37
2009-4-18,64,50,35
2009-4-19,69,57,44
2009-4-20,77,59,41
2009-4-21,80,65,49
2009-4-22,82,65,48
2009-4-23,80,65,52
2009-4-24,81,65,49
2009-4-25,81,69,56
2009-4-26,69,58,47
2009-4-27,71,56,41
2009-4-28,80,67,53
2009-4-29,81,66,50
2009-4-30,81,64,47
2009-5-1,84,67,50
2009-5-2,73,64,55
2009-5-3,76,61,46
2009-5-4,82,70,57
2009-5-5,84,69,54
2009-5-6,86,71,55
2009-5-7,91,74,57
2009-5-8,90,76,61
2009-5-9,86,72,57
2009-5-10,91,72,53
2009-5-11,88,72,55
2009-5-12,90,74,57
2009-5-13,89,77,64
2009-5-14,84,70,55
2009-5-15,89,74,59
2009-5-16,69,62,55
2009-5-17,84,68,51
2009-5-18,88,75,61
2009-5-19,85,71,57
2009-5-20,86,74,62
2009-5-21,77,69,60
2009-5-22,66,62,57
2009-5-23,71,63,54
2009-5-24,75,65,55
2009-5-25,78,66,53
2009-5-26,77,64,50
2009-5-27,78,66,53
2009-5-28,79,66,52
2009-5-29,83,68,53
2009-5-30,81,69,56
2009-5-31,81,69,56
2009-6-1,81,65,49
2009-6-2,83,70,57
2009-6-3,84,71,57
2009-6-4,87,73,59
2009-6-5,89,79,68
2009-6-6,86,74,62
2009-6-7,82,71,60
2009-6-8,81,69,56
2009-6-9,74,67,60
2009-6-10,79,67,54
2009-6-11,80,69,57
2009-6-12,87,74,60
2009-6-13,87,74,61
2009-6-14,84,74,63
2009-6-15,87,72,57
2009-6-16,89,74,58
2009-6-17,87,74,61
2009-6-18,88,74,60
2009-6-19,90,75,60
2009-6-20,79,69,59
2009-6-21,90,74,57
2009-6-22,92,79,66
2009-6-23,87,78,69
2009-6-24,90,77,64
2009-6-25,92,80,68
2009-6-26,85,75,65
2009-6-27,88,77,65
2009-6-28,78,71,63
2009-6-29,90,76,61
2009-6-30,90,79,68
2009-7-1,92,79,66
2009-7-2,93,81,69
2009-7-3,78,70,62
2009-7-4,89,78,67
2009-7-5,87,78,68
2009-7-6,92,79,66
2009-7-7,94,80,65
2009-7-8,95,83,70
2009-7-9,94,82,69
2009-7-10,96,82,67
2009-7-11,95,80,65
2009-7-12,96,84,72
2009-7-13,98,84,70
2009-7-14,98,86,73
2009-7-15,98,84,69
2009-7-16,97,86,74
2009-7-17,97,87,76
2009-7-18,96,83,69
2009-7-19,100,87,74
2009-7-20,98,85,71
2009-7-21,89,76,62
2009-7-22,86,74,62
2009-7-23,91,79,66
2009-7-24,95,82,69
2009-7-25,97,84,71
2009-7-26,93,82,70
2009-7-27,93,79,65
2009-7-28,90,81,71
2009-7-29,90,77,64
2009-7-30,84,73,61
2009-7-31,87,74,61
2009-8-1,94,80,65
2009-8-2,95,82,68
2009-8-3,98,85,72
2009-8-4,99,85,71
2009-8-5,97,86,74
2009-8-6,88,79,69
2009-8-7,94,79,63
2009-8-8,92,78,64
2009-8-9,91,75,59
2009-8-10,94,79,64
2009-8-11,94,81,68
2009-8-12,95,81,67
2009-8-13,90,79,67
2009-8-14,79,71,62
2009-8-15,91,77,63
2009-8-16,90,76,62
2009-8-17,92,78,63
2009-8-18,93,78,62
2009-8-19,94,78,62
2009-8-20,92,79,65
2009-8-21,94,80,66
2009-8-22,92,80,67
2009-8-23,85,75,64
2009-8-24,71,67,62
2009-8-25,73,67,60
2009-8-26,87,72,56
2009-8-27,87,77,67
2009-8-28,89,75,60
2009-8-29,89,76,63
2009-8-30,90,78,66
2009-8-31,89,76,62
2009-9-1,89,77,65
2009-9-2,91,77,63
2009-9-3,88,77,65
2009-9-4,87,74,61
2009-9-5,83,72,60
2009-9-6,82,72,62
2009-9-7,86,72,58
2009-9-8,86,74,62
2009-9-9,85,73,61
2009-9-10,82,71,60
2009-9-11,83,73,62
2009-9-12,79,72,64
2009-9-13,80,69,58
2009-9-14,83,71,59
2009-9-15,84,73,61
2009-9-16,79,68,56
2009-9-17,64,60,56
2009-9-18,69,62,55
2009-9-19,73,63,53
2009-9-20,78,67,55
2009-9-21,82,67,52
2009-9-22,62,54,45
2009-9-23,68,57,45
2009-9-24,68,57,45
2009-9-25,79,64,48
2009-9-26,82,67,52
2009-9-27,87,69,51
2009-9-28,75,67,59
2009-9-29,84,68,52
2009-9-30,85,71,57
2009-10-1,64,56,48
2009-10-2,71,57,42
2009-10-3,75,62,49
2009-10-4,74,62,49
2009-10-5,81,69,57
2009-10-6,69,61,52
2009-10-7,77,64,51
2009-10-8,62,56,49
2009-10-9,70,56,42
2009-10-10,73,59,45
2009-10-11,73,58,43
2009-10-12,72,60,47
2009-10-13,75,64,53
2009-10-14,79,65,51
2009-10-15,77,64,51
2009-10-16,76,64,52
2009-10-17,74,63,52
2009-10-18,77,65,53
2009-10-19,79,67,54
2009-10-20,72,61,49
2009-10-21,51,48,44
2009-10-22,60,51,42
2009-10-23,62,51,39
2009-10-24,69,55,40
2009-10-25,64,54,43
2009-10-26,54,47,39
2009-10-27,62,48,34
2009-10-28,53,43,32
2009-10-29,38,32,26
2009-10-30,48,38,27
2009-10-31,58,45,32
2009-11-1,65,52,39
2009-11-2,69,55,40
2009-11-3,67,55,42
2009-11-4,72,57,41
2009-11-5,70,57,43
2009-11-6,72,58,44
2009-11-7,69,56,43
2009-11-8,69,56,42
2009-11-9,69,57,44
2009-11-10,67,55,43
2009-11-11,65,53,40
2009-11-12,58,53,47
2009-11-13,61,55,48
2009-11-14,51,46,41
2009-11-15,43,38,32
2009-11-16,48,37,25
2009-11-17,53,40,27
2009-11-18,57,42,26
2009-11-19,60,46,32
2009-11-20,57,44,30
2009-11-21,56,42,28
2009-11-22,56,44,31
2009-11-23,52,42,31
2009-11-24,48,38,27
2009-11-25,53,39,24
2009-11-26,57,40,23
2009-11-27,57,43,29
2009-11-28,51,42,33
2009-11-29,44,40,36
2009-11-30,50,41,31
2009-12-1,56,42,28
2009-12-2,49,38,26
2009-12-3,32,25,17
2009-12-4,34,23,12
2009-12-5,37,26,15
2009-12-6,46,36,25
2009-12-7,46,38,29
2009-12-8,44,37,29
2009-12-9,39,31,22
2009-12-10,38,30,22
2009-12-11,45,34,23
2009-12-12,51,40,29
2009-12-13,55,41,27
2009-12-14,46,38,30
2009-12-15,46,35,24
2009-12-16,47,36,24
2009-12-17,54,41,27
2009-12-18,49,38,27
2009-12-19,49,40,30
2009-12-20,49,37,25
2009-12-21,51,38,24
2009-12-22,46,39,32
2009-12-23,37,30,23
2009-12-24,37,31,25
2009-12-25,38,29,20
2009-12-26,36,28,19
2009-12-27,37,26,15
2009-12-28,38,28,18
2009-12-29,38,32,25
2009-12-30,44,36,27
2009-12-31,42,34,25
2010-1-1,47,33,19
2010-1-2,50,36,22
2010-1-3,46,34,22
2010-1-4,44,34,23
2010-1-5,48,36,23
2010-1-6,53,38,23
2010-1-7,37,30,23
2010-1-8,36,26,16
2010-1-9,44,33,21
2010-1-10,47,34,20
2010-1-11,55,42,29
2010-1-12,52,40,28
2010-1-13,48,37,25
2010-1-14,52,44,35
2010-1-15,54,42,30
2010-1-16,50,38,25
2010-1-17,55,41,27
2010-1-18,48,37,26
2010-1-19,50,43,36
2010-1-20,46,38,29
2010-1-21,49,39,28
2010-1-22,49,41,32
2010-1-23,42,36,30
2010-1-24,39,34,29
2010-1-25,41,32,22
2010-1-26,46,36,26
2010-1-27,49,38,27
2010-1-28,44,35,26
2010-1-29,40,33,26
2010-1-30,45,37,28
2010-1-31,48,37,26
2010-2-1,46,39,31
2010-2-2,51,40,29
2010-2-3,40,36,32
2010-2-4,47,39,31
2010-2-5,50,38,26
2010-2-6,52,41,29
2010-2-7,46,39,31
2010-2-8,42,36,30
2010-2-9,46,39,31
2010-2-10,48,39,30
2010-2-11,46,38,29
2010-2-12,51,39,26
2010-2-13,54,43,31
2010-2-14,51,41,30
2010-2-15,42,33,23
2010-2-16,50,42,34
2010-2-17,52,40,28
2010-2-18,60,46,31
2010-2-19,58,44,29
2010-2-20,55,45,34
2010-2-21,50,43,36
2010-2-22,44,36,27
2010-2-23,43,33,23
2010-2-24,49,36,23
2010-2-25,48,43,37
2010-2-26,51,41,30
2010-2-27,51,41,31
2010-2-28,53,45,36
2010-3-1,51,44,36
2010-3-2,53,41,29
2010-3-3,60,47,34
2010-3-4,64,49,33
2010-3-5,58,48,37
2010-3-6,63,47,31
2010-3-7,61,51,40
2010-3-8,51,44,36
2010-3-9,55,44,33
2010-3-10,47,38,28
2010-3-11,50,41,31
2010-3-12,59,46,32
2010-3-13,64,47,30
2010-3-14,50,42,33
2010-3-15,51,42,33
2010-3-16,60,46,32
2010-3-17,66,52,37
2010-3-18,69,54,38
2010-3-19,62,47,31
2010-3-20,43,35,26
2010-3-21,60,45,30
2010-3-22,67,51,35
2010-3-23,53,46,38
2010-3-24,49,41,32
2010-3-25,62,46,30
2010-3-26,63,51,38
2010-3-27,54,44,34
2010-3-28,62,46,29
2010-3-29,71,51,31
2010-3-30,82,63,44
2010-3-31,75,59,43
2010-4-1,62,50,38
2010-4-2,51,39,27
2010-4-3,70,50,30
2010-4-4,76,59,41
2010-4-5,79,61,43
2010-4-6,60,49,38
2010-4-7,57,45,33
2010-4-8,63,49,34
2010-4-9,73,57,40
2010-4-10,74,58,42
2010-4-11,74,60,45
2010-4-12,79,64,48
2010-4-13,76,65,54
2010-4-14,76,61,46
2010-4-15,76,63,50
2010-4-16,74,62,50
2010-4-17,64,55,46
2010-4-18,71,59,47
2010-4-19,70,61,51
2010-4-20,74,62,49
2010-4-21,77,66,54
2010-4-22,62,50,38
2010-4-23,59,49,38
2010-4-24,69,56,42
2010-4-25,74,57,39
2010-4-26,74,59,43
2010-4-27,74,59,44
2010-4-28,79,65,50
2010-4-29,75,58,40
2010-4-30,53,45,37
2010-5-1,60,46,31
2010-5-2,49,45,40
2010-5-3,70,53,36
2010-5-4,82,63,44
2010-5-5,85,67,49
2010-5-6,86,69,52
2010-5-7,75,64,53
2010-5-8,77,62,47
2010-5-9,84,66,48
2010-5-10,74,63,51
2010-5-11,81,64,47
2010-5-12,66,56,45
2010-5-13,71,58,44
2010-5-14,73,63,52
2010-5-15,72,60,48
2010-5-16,79,65,50
2010-5-17,84,71,57
2010-5-18,78,69,60
2010-5-19,78,64,50
2010-5-20,83,67,50
2010-5-21,89,72,55
2010-5-22,89,73,57
2010-5-23,85,70,55
2010-5-24,71,63,54
2010-5-25,80,62,43
2010-5-26,87,71,55
2010-5-27,90,77,63
2010-5-28,88,74,59
2010-5-29,89,74,59
2010-5-30,86,70,54
2010-5-31,90,77,63
2010-6-1,88,72,55
2010-6-2,87,73,59
2010-6-3,91,74,56
2010-6-4,95,77,58
2010-6-5,100,83,65
2010-6-6,101,88,74
2010-6-7,98,86,73
2010-6-8,96,82,67
2010-6-9,98,84,69
2010-6-10,96,84,72
2010-6-11,91,78,65
2010-6-12,88,78,67
2010-6-13,80,66,52
2010-6-14,85,71,57
2010-6-15,89,75,61
2010-6-16,95,79,62
2010-6-17,92,76,60
2010-6-18,96,80,63
2010-6-19,97,80,63
2010-6-20,95,80,65
2010-6-21,95,82,68
2010-6-22,94,79,64
2010-6-23,97,83,68
2010-6-24,91,78,66
2010-6-25,93,79,65
2010-6-26,91,77,62
2010-6-27,93,78,63
2010-6-28,88,74,60
2010-6-29,87,74,60
2010-6-30,85,75,64
2010-7-1,87,76,65
2010-7-2,90,79,68
2010-7-3,88,79,69
2010-7-4,92,78,64
2010-7-5,91,80,68
2010-7-6,92,79,66
2010-7-7,89,77,65
2010-7-8,86,76,66
2010-7-9,89,77,65
2010-7-10,93,82,70
2010-7-11,88,79,69
2010-7-12,98,81,64
2010-7-13,98,84,69
2010-7-14,98,85,72
2010-7-15,97,86,74
2010-7-16,96,85,73
2010-7-17,97,84,70
2010-7-18,100,87,73
2010-7-19,100,85,70
2010-7-20,102,88,73
2010-7-21,95,83,71
2010-7-22,93,80,66
2010-7-23,90,78,66
2010-7-24,79,73,66
2010-7-25,75,70,65
2010-7-26,78,70,62
2010-7-27,87,76,65
2010-7-28,88,78,68
2010-7-29,87,77,66
2010-7-30,90,79,67
2010-7-31,86,77,67
2010-8-1,83,74,65
2010-8-2,88,78,67
2010-8-3,88,76,64
2010-8-4,91,79,66
2010-8-5,89,77,65
2010-8-6,89,76,62
2010-8-7,92,79,65
2010-8-8,87,76,64
2010-8-9,89,77,64
2010-8-10,92,78,64
2010-8-11,95,80,64
2010-8-12,93,83,72
2010-8-13,94,80,66
2010-8-14,96,82,68
2010-8-15,93,79,65
2010-8-16,82,74,66
2010-8-17,91,77,63
2010-8-18,91,80,69
2010-8-19,90,79,67
2010-8-20,92,80,67
2010-8-21,93,79,64
2010-8-22,93,82,71
2010-8-23,94,81,67
2010-8-24,79,73,66
2010-8-25,82,72,62
2010-8-26,85,72,59
2010-8-27,85,72,59
2010-8-28,82,73,63
2010-8-29,87,74,60
2010-8-30,86,76,66
2010-8-31,87,75,63
2010-9-1,91,77,62
2010-9-2,92,76,59
2010-9-3,84,73,61
2010-9-4,90,77,63
2010-9-5,91,79,67
2010-9-6,90,78,65
2010-9-7,87,75,63
2010-9-8,84,75,65
2010-9-9,85,73,61
2010-9-10,82,71,59
2010-9-11,82,69,56
2010-9-12,87,74,60
2010-9-13,87,75,62
2010-9-14,90,77,64
2010-9-15,91,76,61
2010-9-16,91,78,64
2010-9-17,88,76,64
2010-9-18,91,79,66
2010-9-19,88,78,67
2010-9-20,85,75,65
2010-9-21,88,76,63
2010-9-22,76,68,59
2010-9-23,77,69,60
2010-9-24,80,68,55
2010-9-25,84,71,58
2010-9-26,82,72,61
2010-9-27,87,73,58
2010-9-28,87,74,61
2010-9-29,90,75,59
2010-9-30,85,76,67
2010-10-1,86,75,63
2010-10-2,84,72,60
2010-10-3,76,66,56
2010-10-4,77,68,58
2010-10-5,74,66,57
2010-10-6,80,68,56
2010-10-7,80,68,55
2010-10-8,79,67,54
2010-10-9,74,62,49
2010-10-10,72,61,50
2010-10-11,73,60,47
2010-10-12,75,62,49
2010-10-13,72,63,54
2010-10-14,76,63,49
2010-10-15,76,63,49
2010-10-16,76,63,50
2010-10-17,76,62,48
2010-10-18,74,64,53
2010-10-19,73,62,50
2010-10-20,75,63,50
2010-10-21,66,58,50
2010-10-22,60,53,46
2010-10-23,63,54,44
2010-10-24,67,55,42
2010-10-25,66,55,43
2010-10-26,62,48,33
2010-10-27,56,49,41
2010-10-28,63,48,32
2010-10-29,69,54,38
2010-10-30,77,61,45
2010-10-31,67,57,46
2010-11-1,64,53,41
2010-11-2,66,53,40
2010-11-3,70,57,43
2010-11-4,64,56,48
2010-11-5,65,53,41
2010-11-6,70,55,40
2010-11-7,70,56,42
2010-11-8,70,56,42
2010-11-9,55,45,35
2010-11-10,54,42,29
2010-11-11,53,41,29
2010-11-12,51,40,29
2010-11-13,53,41,29
2010-11-14,54,42,30
2010-11-15,53,44,35
2010-11-16,61,45,28
2010-11-17,54,45,36
2010-11-18,57,41,25
2010-11-19,61,46,31
2010-11-20,67,54,40
2010-11-21,62,50,37
2010-11-22,53,42,30
2010-11-23,54,40,26
2010-11-24,55,45,34
2010-11-25,37,31,24
2010-11-26,46,31,16
2010-11-27,51,36,20
2010-11-28,51,38,25
2010-11-29,37,32,26
2010-11-30,43,31,18
2010-12-1,52,38,24
2010-12-2,58,44,29
2010-12-3,57,45,33
2010-12-4,59,46,32
2010-12-5,60,48,35
2010-12-6,57,45,32
2010-12-7,56,45,33
2010-12-8,52,40,28
2010-12-9,59,45,30
2010-12-10,60,46,31
2010-12-11,58,47,35
2010-12-12,53,40,27
2010-12-13,58,45,31
2010-12-14,60,45,30
2010-12-15,65,52,38
2010-12-16,48,41,33
2010-12-17,40,36,32
2010-12-18,48,39,30
2010-12-19,58,48,38
2010-12-20,57,49,40
2010-12-21,56,49,41
2010-12-22,55,48,41
2010-12-23,49,43,36
2010-12-24,50,41,32
2010-12-25,49,40,30
2010-12-26,49,39,29
2010-12-27,45,38,30
2010-12-28,47,40,32
2010-12-29,44,35,25
2010-12-30,41,30,19
2010-12-31,28,20,12
2011-1-1,26,17,8
2011-1-2,34,22,10
2011-1-3,41,31,20
2011-1-4,44,32,19
2011-1-5,43,33,23
2011-1-6,44,34,23
2011-1-7,49,38,27
2011-1-8,48,36,23
2011-1-9,52,38,24
2011-1-10,37,29,21
2011-1-11,37,26,14
2011-1-12,44,34,24
2011-1-13,50,36,22
2011-1-14,50,39,28
2011-1-15,51,38,24
2011-1-16,54,41,27
2011-1-17,63,49,34
2011-1-18,58,47,36
2011-1-19,59,45,31
2011-1-20,48,41,33
2011-1-21,51,40,29
2011-1-22,53,38,23
2011-1-23,48,40,32
2011-1-24,44,34,24
2011-1-25,45,34,22
2011-1-26,48,37,26
2011-1-27,52,37,22
2011-1-28,54,41,27
2011-1-29,59,43,26
2011-1-30,57,42,27
2011-1-31,49,39,28
2011-2-1,28,16,4
2011-2-2,9,5,1
2011-2-3,18,6,-7
2011-2-4,34,21,7
2011-2-5,48,34,19
2011-2-6,44,34,23
2011-2-7,46,32,18
2011-2-8,52,35,18
2011-2-9,34,23,11
2011-2-10,41,27,12
2011-2-11,51,38,24
2011-2-12,55,37,19
2011-2-13,62,44,26
2011-2-14,63,50,37
2011-2-15,64,49,33
2011-2-16,70,52,33
2011-2-17,64,50,36
2011-2-18,66,49,32
2011-2-19,70,58,45
2011-2-20,51,44,37
2011-2-21,50,40,29
2011-2-22,57,42,27
2011-2-23,58,44,30
2011-2-24,52,43,33
2011-2-25,61,46,30
2011-2-26,64,51,37
2011-2-27,48,37,26
2011-2-28,55,39,22
2011-3-1,62,45,27
2011-3-2,71,53,34
2011-3-3,70,55,39
2011-3-4,57,47,36
2011-3-5,54,40,26
2011-3-6,61,47,33
2011-3-7,62,52,42
2011-3-8,53,44,35
2011-3-9,62,48,33
2011-3-10,65,49,33
2011-3-11,75,57,39
2011-3-12,73,58,43
2011-3-13,67,56,45
2011-3-14,68,53,38
2011-3-15,67,53,38
2011-3-16,78,60,41
2011-3-17,76,63,50
2011-3-18,74,60,46
2011-3-19,75,63,51
2011-3-20,73,55,37
2011-3-21,74,59,44
2011-3-22,58,49,40
2011-3-23,62,46,30
2011-3-24,67,52,37
2011-3-25,70,53,35
2011-3-26,64,51,38
2011-3-27,69,58,47
2011-3-28,72,57,41
2011-3-29,66,56,45
2011-3-30,67,53,39
2011-3-31,76,63,49
2011-4-1,81,63,45
2011-4-2,83,65,47
2011-4-3,76,60,44
2011-4-4,60,47,34
2011-4-5,75,58,41
2011-4-6,74,65,56
2011-4-7,71,61,50
2011-4-8,73,60,46
2011-4-9,69,55,41
2011-4-10,55,44,33
2011-4-11,66,49,31
2011-4-12,73,59,44
2011-4-13,74,58,41
2011-4-14,63,55,46
2011-4-15,68,56,43
2011-4-16,75,56,37
2011-4-17,82,63,44
2011-4-18,83,68,53
2011-4-19,78,68,57
2011-4-20,79,65,51
2011-4-21,80,69,58
2011-4-22,78,67,55
2011-4-23,70,61,51
2011-4-24,72,63,53
2011-4-25,70,58,45
2011-4-26,65,55,44
2011-4-27,62,50,37
2011-4-28,73,54,35
2011-4-29,83,66,48
2011-4-30,66,55,43
2011-5-1,50,44,37
2011-5-2,57,45,32
2011-5-3,68,52,35
2011-5-4,82,63,44
2011-5-5,78,64,50
2011-5-6,85,68,51
2011-5-7,87,70,52
2011-5-8,85,68,51
2011-5-9,82,66,50
2011-5-10,77,63,48
2011-5-11,65,52,38
2011-5-12,74,58,42
2011-5-13,79,63,46
2011-5-14,82,69,55
2011-5-15,79,65,51
2011-5-16,83,68,53
2011-5-17,73,62,50
2011-5-18,75,62,49
2011-5-19,62,53,43
2011-5-20,67,53,39
2011-5-21,76,60,43
2011-5-22,81,65,48
2011-5-23,82,67,51
2011-5-24,74,65,56
2011-5-25,81,65,49
2011-5-26,89,72,55
2011-5-27,93,77,61
2011-5-28,93,79,65
2011-5-29,90,76,61
2011-5-30,78,69,60
2011-5-31,87,69,50
2011-6-1,94,78,62
2011-6-2,93,80,67
2011-6-3,92,76,59
2011-6-4,93,78,62
2011-6-5,91,78,64
2011-6-6,93,80,66
2011-6-7,92,75,58
2011-6-8,94,76,57
2011-6-9,88,72,55
2011-6-10,89,74,59
2011-6-11,90,75,59
2011-6-12,93,77,60
2011-6-13,94,78,61
2011-6-14,91,74,57
2011-6-15,93,77,61
2011-6-16,95,83,71
2011-6-17,94,78,62
2011-6-18,94,78,62
2011-6-19,94,77,59
2011-6-20,83,70,57
2011-6-21,89,74,59
2011-6-22,94,78,62
2011-6-23,99,82,64
2011-6-24,100,83,65
2011-6-25,99,84,69
2011-6-26,100,83,65
2011-6-27,98,84,70
2011-6-28,97,84,70
2011-6-29,96,83,69
2011-6-30,97,83,69
2011-7-1,97,82,67
2011-7-2,93,83,73
2011-7-3,94,82,69
2011-7-4,96,82,68
2011-7-5,94,82,69
2011-7-6,95,84,72
2011-7-7,97,84,70
2011-7-8,97,84,70
2011-7-9,97,83,68
2011-7-10,96,82,68
2011-7-11,95,80,65
2011-7-12,89,75,61
2011-7-13,93,81,68
2011-7-14,90,80,69
2011-7-15,95,81,67
2011-7-16,97,86,74
2011-7-17,95,85,74
2011-7-18,95,85,75
2011-7-19,97,83,68
2011-7-20,97,84,70
2011-7-21,96,83,69
2011-7-22,94,84,73
2011-7-23,97,84,71
2011-7-24,96,83,69
2011-7-25,90,79,67
2011-7-26,93,81,68
2011-7-27,93,79,65
2011-7-28,97,82,67
2011-7-29,90,82,73
2011-7-30,92,81,69
2011-7-31,91,79,67
2011-8-1,92,79,65
2011-8-2,93,80,66
2011-8-3,94,81,68
2011-8-4,92,80,68
2011-8-5,94,83,72
2011-8-6,96,82,68
2011-8-7,99,85,71
2011-8-8,98,83,68
2011-8-9,98,84,69
2011-8-10,96,82,67
2011-8-11,94,84,73
2011-8-12,97,84,70
2011-8-13,92,83,73
2011-8-14,91,80,68
2011-8-15,92,81,69
2011-8-16,94,81,68
2011-8-17,90,80,70
2011-8-18,92,80,67
2011-8-19,90,79,68
2011-8-20,89,78,67
2011-8-21,87,76,64
2011-8-22,92,80,67
2011-8-23,97,84,70
2011-8-24,95,81,67
2011-8-25,93,80,66
2011-8-26,93,79,65
2011-8-27,95,84,73
2011-8-28,96,84,72
2011-8-29,94,82,69
2011-8-30,97,83,68
2011-8-31,96,82,68
2011-9-1,94,81,68
2011-9-2,92,78,63
2011-9-3,93,80,66
2011-9-4,79,73,66
2011-9-5,82,72,62
2011-9-6,85,75,65
2011-9-7,82,72,62
2011-9-8,79,69,59
2011-9-9,73,66,58
2011-9-10,74,67,60
2011-9-11,81,69,57
2011-9-12,79,68,56
2011-9-13,82,69,55
2011-9-14,78,68,58
2011-9-15,73,65,57
2011-9-16,79,65,51
2011-9-17,79,69,58
2011-9-18,81,68,54
2011-9-19,83,69,55
2011-9-20,86,72,57
2011-9-21,84,73,62
2011-9-22,81,69,56
2011-9-23,86,69,52
2011-9-24,87,70,53
2011-9-25,87,71,54
2011-9-26,88,72,55
2011-9-27,85,74,62
2011-9-28,88,72,56
2011-9-29,89,75,60
2011-9-30,79,69,58
2011-10-1,80,69,57
2011-10-2,79,68,57
2011-10-3,76,66,55
2011-10-4,65,59,52
2011-10-5,67,59,51
2011-10-6,74,61,48
2011-10-7,59,50,41
2011-10-8,59,49,38
2011-10-9,61,53,45
2011-10-10,68,56,44
2011-10-11,76,62,47
2011-10-12,75,61,47
2011-10-13,76,61,45
2011-10-14,80,64,48
2011-10-15,81,66,51
2011-10-16,83,66,48
2011-10-17,76,64,51
2011-10-18,68,57,45
2011-10-19,68,56,43
2011-10-20,77,61,45
2011-10-21,76,61,46
2011-10-22,76,60,44
2011-10-23,75,61,46
2011-10-24,77,62,47
2011-10-25,73,64,54
2011-10-26,73,57,40
2011-10-27,52,45,37
2011-10-28,61,49,37
2011-10-29,66,51,36
2011-10-30,67,55,43
2011-10-31,70,56,42
2011-11-1,72,57,42
2011-11-2,59,49,38
2011-11-3,54,42,30
2011-11-4,64,52,40
2011-11-5,56,47,38
2011-11-6,52,41,29
2011-11-7,55,45,35
2011-11-8,49,41,32
2011-11-9,51,41,30
2011-11-10,53,40,27
2011-11-11,50,41,32
2011-11-12,65,52,39
2011-11-13,55,50,44
2011-11-14,59,48,37
2011-11-15,59,46,33
2011-11-16,57,47,36
2011-11-17,56,43,30
2011-11-18,63,49,35
2011-11-19,61,51,40
2011-11-20,63,55,47
2011-11-21,58,48,38
2011-11-22,58,44,30
2011-11-23,60,47,33
2011-11-24,57,46,34
2011-11-25,55,50,44
2011-11-26,49,40,30
2011-11-27,51,39,26
2011-11-28,59,45,31
2011-11-29,60,49,37
2011-11-30,57,43,29
2011-12-1,53,43,32
2011-12-2,40,35,30
2011-12-3,39,33,26
2011-12-4,37,32,26
2011-12-5,27,21,14
2011-12-6,30,20,9
2011-12-7,38,28,17
2011-12-8,45,32,19
2011-12-9,45,35,24
2011-12-10,42,32,22
2011-12-11,42,31,20
2011-12-12,36,32,28
2011-12-13,46,41,35
2011-12-14,45,39,33
2011-12-15,43,35,26
2011-12-16,45,35,25
2011-12-17,48,37,26
2011-12-18,45,37,28
2011-12-19,38,35,32
2011-12-20,38,32,26
2011-12-21,41,32,23
2011-12-22,41,33,24
2011-12-23,36,30,23
2011-12-24,38,28,18
2011-12-25,36,27,17
2011-12-26,43,30,16
2011-12-27,45,33,21
2011-12-28,51,38,25
2011-12-29,56,42,27
2011-12-30,57,42,27
2011-12-31,61,47,32
2012-1-1,52,40,27
2012-1-2,50,39,27
2012-1-3,51,38,25
2012-1-4,53,43,33
2012-1-5,53,39,25
2012-1-6,55,41,26
2012-1-7,55,40,25
2012-1-8,43,37,30
2012-1-9,47,38,28
2012-1-10,52,39,25
2012-1-11,52,39,26
2012-1-12,42,33,24
2012-1-13,47,35,22
2012-1-14,51,37,23
2012-1-15,50,37,23
2012-1-16,55,45,34
2012-1-17,50,40,29
2012-1-18,55,40,24
2012-1-19,62,48,33
2012-1-20,60,47,33
2012-1-21,59,42,25
2012-1-22,49,41,33
2012-1-23,51,38,24
2012-1-24,49,41,32
2012-1-25,51,42,32
2012-1-26,53,44,34
2012-1-27,54,44,33
2012-1-28,50,40,30
2012-1-29,53,39,25
2012-1-30,55,40,25
2012-1-31,55,44,32
2012-2-1,54,40,26
2012-2-2,51,43,35
2012-2-3,47,39,31
2012-2-4,48,40,31
2012-2-5,44,37,30
2012-2-6,50,37,24
2012-2-7,46,37,28
2012-2-8,51,39,26
2012-2-9,55,47,38
2012-2-10,55,42,29
2012-2-11,54,41,28
2012-2-12,41,33,25
2012-2-13,49,42,34
2012-2-14,53,43,32
2012-2-15,45,35,25
2012-2-16,49,40,31
2012-2-17,55,43,30
2012-2-18,52,41,29
2012-2-19,53,42,30
2012-2-20,45,37,29
2012-2-21,58,40,22
2012-2-22,65,49,32
2012-2-23,66,50,33
2012-2-24,56,41,26
2012-2-25,63,45,26
2012-2-26,62,48,33
2012-2-27,61,50,38
2012-2-28,48,41,34
2012-2-29,55,41,27
2012-3-1,62,48,33
2012-3-2,42,34,25
2012-3-3,49,36,23
2012-3-4,61,46,30
2012-3-5,66,48,30
2012-3-6,67,54,41
2012-3-7,67,54,40
2012-3-8,44,39,34
2012-3-9,42,37,31
2012-3-10,45,39,33
2012-3-11,63,48,32
2012-3-12,66,52,37
2012-3-13,70,54,37
2012-3-14,70,54,38
2012-3-15,72,54,36
2012-3-16,74,57,40
2012-3-17,74,56,38
2012-3-18,65,51,37
2012-3-19,45,39,33
2012-3-20,53,42,31
2012-3-21,65,48,30
2012-3-22,71,55,39
2012-3-23,76,58,40
2012-3-24,76,60,44
2012-3-25,83,65,47
2012-3-26,79,65,50
2012-3-27,74,59,43
2012-3-28,76,60,43
2012-3-29,75,57,39
2012-3-30,77,59,41
2012-3-31,80,64,47
2012-4-1,81,65,49
2012-4-2,54,46,37
2012-4-3,47,40,32
2012-4-4,66,52,37
2012-4-5,74,60,45
2012-4-6,75,62,48
2012-4-7,70,59,47
2012-4-8,75,62,48
2012-4-9,77,65,52
2012-4-10,78,63,48
2012-4-11,81,68,55
2012-4-12,68,57,46
2012-4-13,71,58,44
2012-4-14,63,51,39
2012-4-15,62,49,35
2012-4-16,66,50,33
2012-4-17,74,58,41
2012-4-18,80,62,43
2012-4-19,73,64,55
2012-4-20,75,63,50
2012-4-21,84,66,47
2012-4-22,85,70,55
2012-4-23,84,71,58
2012-4-24,88,72,56
2012-4-25,86,71,56
2012-4-26,87,70,52
2012-4-27,75,62,49
2012-4-28,74,60,46
2012-4-29,79,68,56
2012-4-30,80,66,52
2012-5-1,84,68,52
2012-5-2,81,66,51
2012-5-3,82,67,51
2012-5-4,85,70,54
2012-5-5,84,69,54
2012-5-6,82,68,54
2012-5-7,71,61,51
2012-5-8,69,59,49
2012-5-9,75,63,51
2012-5-10,79,63,46
2012-5-11,80,66,52
2012-5-12,75,64,53
2012-5-13,70,62,54
2012-5-14,72,61,49
2012-5-15,80,65,50
2012-5-16,81,68,55
2012-5-17,88,75,61
2012-5-18,85,70,55
2012-5-19,82,67,51
2012-5-20,83,70,57
2012-5-21,89,75,61
2012-5-22,92,79,65
2012-5-23,93,77,60
2012-5-24,88,77,66
2012-5-25,90,75,60
2012-5-26,89,74,58
2012-5-27,78,66,53
2012-5-28,82,66,50
2012-5-29,87,70,52
2012-5-30,89,73,57
2012-5-31,89,74,58
2012-6-1,95,79,63
2012-6-2,95,82,69
2012-6-3,94,78,61
2012-6-4,90,79,67
2012-6-5,88,75,62
2012-6-6,92,77,62
2012-6-7,92,78,63
2012-6-8,93,79,64
2012-6-9,95,80,64
2012-6-10,91,77,62
2012-6-11,89,74,59
2012-6-12,92,80,68
2012-6-13,94,80,65
2012-6-14,95,79,62
2012-6-15,93,78,62
2012-6-16,90,78,66
2012-6-17,97,80,63
2012-6-18,98,80,62
2012-6-19,95,82,68
2012-6-20,100,82,63
2012-6-21,93,82,71
2012-6-22,96,81,66
2012-6-23,96,84,71
2012-6-24,97,84,70
2012-6-25,97,84,70
2012-6-26,97,85,72
2012-6-27,98,84,70
2012-6-28,99,83,67
2012-6-29,99,86,73
2012-6-30,101,88,75
2012-7-1,98,86,73
2012-7-2,97,84,70
2012-7-3,94,81,68
2012-7-4,93,82,70
2012-7-5,89,77,64
2012-7-6,85,74,62
2012-7-7,83,74,65
2012-7-8,87,76,65
2012-7-9,89,78,67
2012-7-10,86,76,66
2012-7-11,87,77,66
2012-7-12,91,79,66
2012-7-13,92,81,70
2012-7-14,93,83,73
2012-7-15,93,81,68
2012-7-16,91,80,69
2012-7-17,93,80,67
2012-7-18,93,81,68
2012-7-19,93,81,68
2012-7-20,94,82,69
2012-7-21,91,81,70
2012-7-22,91,81,71
2012-7-23,94,80,66
2012-7-24,90,77,63
2012-7-25,95,80,65
2012-7-26,91,81,71
2012-7-27,93,81,69
2012-7-28,91,80,69
2012-7-29,92,81,70
2012-7-30,95,83,71
2012-7-31,97,85,73
2012-8-1,96,82,68
2012-8-2,96,82,68
2012-8-3,92,79,65
2012-8-4,93,80,66
2012-8-5,88,77,66
2012-8-6,93,79,65
2012-8-7,98,84,69
2012-8-8,94,82,69
2012-8-9,95,83,70
2012-8-10,95,83,70
2012-8-11,97,84,70
2012-8-12,97,83,68
2012-8-13,91,79,67
2012-8-14,93,80,67
2012-8-15,94,79,64
2012-8-16,92,80,68
2012-8-17,89,77,65
2012-8-18,93,78,63
2012-8-19,89,79,69
2012-8-20,84,75,66
2012-8-21,91,78,64
2012-8-22,78,73,68
2012-8-23,81,72,62
2012-8-24,83,73,63
2012-8-25,93,78,62
2012-8-26,91,81,71
2012-8-27,92,80,68
2012-8-28,91,79,66
2012-8-29,90,78,66
2012-8-30,90,78,65
2012-8-31,91,78,65
2012-9-1,93,81,68
2012-9-2,95,81,67
2012-9-3,94,82,69
2012-9-4,94,82,69
2012-9-5,89,81,72
2012-9-6,93,81,69
2012-9-7,93,78,63
2012-9-8,74,67,59
2012-9-9,77,67,56
2012-9-10,82,71,60
2012-9-11,84,72,60
2012-9-12,75,67,58
2012-9-13,67,61,55
2012-9-14,72,62,51
2012-9-15,78,64,49
2012-9-16,88,71,53
2012-9-17,85,69,53
2012-9-18,81,68,54
2012-9-19,86,70,53
2012-9-20,87,70,53
2012-9-21,86,70,53
2012-9-22,88,73,58
2012-9-23,86,74,62
2012-9-24,83,72,61
2012-9-25,78,66,53
2012-9-26,77,66,55
2012-9-27,80,68,55
2012-9-28,77,69,61
2012-9-29,79,69,58
2012-9-30,82,67,51
2012-10-1,79,69,58
2012-10-2,82,69,55
2012-10-3,87,68,49
2012-10-4,86,71,55
2012-10-5,82,69,56
2012-10-6,79,63,46
2012-10-7,69,56,43
2012-10-8,77,60,43
2012-10-9,79,64,48
2012-10-10,77,64,51
2012-10-11,78,66,54
2012-10-12,79,66,53
2012-10-13,65,53,40
2012-10-14,72,58,44
2012-10-15,76,62,47
2012-10-16,79,63,46
2012-10-17,76,63,50
2012-10-18,76,64,52
2012-10-19,77,62,47
2012-10-20,79,60,41
2012-10-21,77,64,50
2012-10-22,73,62,50
2012-10-23,76,63,49
2012-10-24,80,67,53
2012-10-25,61,53,45
2012-10-26,55,46,36
2012-10-27,59,46,32
2012-10-28,66,52,37
2012-10-29,73,56,39
2012-10-30,74,57,40
2012-10-31,73,57,41
2012-11-1,72,57,42
2012-11-2,72,56,40
2012-11-3,68,59,50
2012-11-4,71,54,37
2012-11-5,69,55,41
2012-11-6,72,58,44
2012-11-7,73,55,37
2012-11-8,68,55,41
2012-11-9,62,54,45
2012-11-10,53,43,32
2012-11-11,42,36,29
2012-11-12,49,36,23
2012-11-13,55,40,25
2012-11-14,59,44,28
2012-11-15,59,46,32
2012-11-16,60,52,43
2012-11-17,58,47,36
2012-11-18,62,52,41
2012-11-19,62,50,37
2012-11-20,61,48,35
2012-11-21,59,47,35
2012-11-22,61,47,32
2012-11-23,57,48,38
2012-11-24,58,44,30
2012-11-25,62,46,30
2012-11-26,60,46,32
2012-11-27,57,42,27
2012-11-28,61,46,31
2012-11-29,61,47,32
2012-11-30,63,47,31
2012-12-1,66,52,38
2012-12-2,63,48,33
2012-12-3,65,51,37
2012-12-4,58,46,34
2012-12-5,61,48,35
2012-12-6,62,48,34
2012-12-7,62,49,35
2012-12-8,59,45,30
2012-12-9,54,39,24
2012-12-10,39,28,17
2012-12-11,44,34,23
2012-12-12,47,34,20
2012-12-13,54,38,22
2012-12-14,45,40,35
2012-12-15,44,36,28
2012-12-16,41,35,28
2012-12-17,44,32,20
2012-12-18,45,35,24
2012-12-19,42,33,23
2012-12-20,37,26,14
2012-12-21,44,30,15
2012-12-22,47,34,21
2012-12-23,52,37,22
2012-12-24,51,40,28
2012-12-25,41,34,27
2012-12-26,41,32,23
2012-12-27,40,32,24
2012-12-28,37,28,19
2012-12-29,38,26,13
2012-12-30,42,34,25
2012-12-31,42,35,28
2013-1-1,36,26,15
2013-1-2,36,24,11
2013-1-3,36,26,16
2013-1-4,34,23,11
2013-1-5,40,27,13
2013-1-6,41,27,13
2013-1-7,49,39,28
2013-1-8,49,37,25
2013-1-9,53,39,24
2013-1-10,44,33,22
2013-1-11,42,32,21
2013-1-12,32,23,13
2013-1-13,30,19,8
2013-1-14,28,22,15
2013-1-15,25,17,9
2013-1-16,39,25,11
2013-1-17,48,33,18
2013-1-18,51,38,24
2013-1-19,53,37,20
2013-1-20,53,37,21
2013-1-21,54,37,20
2013-1-22,57,41,25
2013-1-23,58,41,24
2013-1-24,60,43,25
2013-1-25,57,48,39
2013-1-26,57,50,42
2013-1-27,59,49,39
2013-1-28,55,46,37
2013-1-29,37,32,27
2013-1-30,42,32,22
2013-1-31,53,38,22
2013-2-1,55,41,26
2013-2-2,56,44,32
2013-2-3,51,40,28
2013-2-4,56,46,35
2013-2-5,59,46,33
2013-2-6,60,44,27
2013-2-7,56,43,30
2013-2-8,57,46,35
2013-2-9,49,40,30
2013-2-10,43,34,24
2013-2-11,46,34,21
2013-2-12,42,33,24
2013-2-13,48,34,19
2013-2-14,52,38,23
2013-2-15,52,39,25
2013-2-16,58,43,27
2013-2-17,59,42,25
2013-2-18,53,42,30
2013-2-19,60,43,25
2013-2-20,51,42,32
2013-2-21,46,37,27
2013-2-22,45,36,27
2013-2-23,47,35,22
2013-2-24,43,35,27
2013-2-25,49,37,24
2013-2-26,48,35,21
2013-2-27,44,31,18
2013-2-28,52,40,27
2013-3-1,60,47,34
2013-3-2,64,50,36
2013-3-3,68,52,35
2013-3-4,64,56,47
2013-3-5,60,46,32
2013-3-6,66,55,43
2013-3-7,69,54,38
2013-3-8,62,50,38
2013-3-9,46,40,33
2013-3-10,52,41,30
2013-3-11,63,48,32
2013-3-12,66,51,35
2013-3-13,70,53,35
2013-3-14,74,57,39
2013-3-15,77,59,41
2013-3-16,73,60,46
2013-3-17,70,56,42
2013-3-18,68,53,37
2013-3-19,64,53,42
2013-3-20,62,49,36
2013-3-21,72,61,49
2013-3-22,66,51,36
2013-3-23,51,42,33
2013-3-24,54,39,23
2013-3-25,55,41,26
2013-3-26,66,49,32
2013-3-27,70,57,44
2013-3-28,72,59,45
2013-3-29,73,60,46
2013-3-30,72,58,43
2013-3-31,71,61,50
2013-4-1,74,61,48
2013-4-2,67,56,44
2013-4-3,67,53,39
2013-4-4,72,58,43
2013-4-5,76,63,50
2013-4-6,76,62,48
2013-4-7,76,62,48
2013-4-8,78,63,47
2013-4-9,54,48,41
2013-4-10,48,41,34
2013-4-11,65,48,31
2013-4-12,69,56,42
2013-4-13,75,60,45
2013-4-14,77,67,56
2013-4-15,81,64,46
2013-4-16,80,64,48
2013-4-17,63,52,40
2013-4-18,50,41,32
2013-4-19,61,44,27
2013-4-20,70,56,42
2013-4-21,75,56,36
2013-4-22,82,64,45
2013-4-23,69,55,40
2013-4-24,69,50,31
2013-4-25,78,65,52
2013-4-26,75,60,45
2013-4-27,76,63,49
2013-4-28,80,64,48
2013-4-29,85,67,49
2013-4-30,86,69,52
2013-5-1,83,65,47
2013-5-2,61,49,37
2013-5-3,66,52,37
2013-5-4,76,62,47
2013-5-5,72,61,50
2013-5-6,71,63,55
2013-5-7,76,62,48
2013-5-8,72,60,47
2013-5-9,71,59,47
2013-5-10,70,61,51
2013-5-11,71,60,48
2013-5-12,80,65,49
2013-5-13,82,68,54
2013-5-14,85,71,56
2013-5-15,88,74,60
2013-5-16,86,70,54
2013-5-17,87,72,57
2013-5-18,78,66,54
2013-5-19,75,66,57
2013-5-20,77,64,50
2013-5-21,81,64,47
2013-5-22,86,69,51
2013-5-23,92,75,57
2013-5-24,88,74,60
2013-5-25,92,75,57
2013-5-26,88,73,58
2013-5-27,85,72,59
2013-5-28,85,69,52
2013-5-29,82,72,62
2013-5-30,88,72,55
2013-5-31,88,76,64
2013-6-1,86,69,52
2013-6-2,86,75,63
2013-6-3,92,78,64
2013-6-4,92,78,64
2013-6-5,89,77,65
2013-6-6,88,74,60
2013-6-7,91,77,62
2013-6-8,97,80,62
2013-6-9,96,82,68
2013-6-10,99,85,70
2013-6-11,101,85,68
2013-6-12,99,82,64
2013-6-13,98,85,71
2013-6-14,93,82,71
2013-6-15,94,80,65
2013-6-16,92,80,68
2013-6-17,93,79,65
2013-6-18,91,78,65
2013-6-19,98,82,65
2013-6-20,96,78,60
2013-6-21,96,82,67
2013-6-22,94,78,61
2013-6-23,93,78,62
2013-6-24,95,82,68
2013-6-25,95,79,62
2013-6-26,98,81,63
2013-6-27,105,87,69
2013-6-28,96,86,75
2013-6-29,97,83,69
2013-6-30,97,83,68
2013-7-1,88,76,64
2013-7-2,88,76,64
2013-7-3,87,72,56
2013-7-4,90,78,65
2013-7-5,94,82,69
2013-7-6,94,80,65
2013-7-7,94,81,67
2013-7-8,96,81,66
2013-7-9,94,81,68
2013-7-10,94,84,73
2013-7-11,88,78,68
2013-7-12,92,82,71
2013-7-13,95,82,68
2013-7-14,97,82,66
2013-7-15,76,71,66
2013-7-16,81,71,60
2013-7-17,81,71,60
2013-7-18,84,74,64
2013-7-19,88,77,66
2013-7-20,86,77,67
2013-7-21,90,79,68
2013-7-22,94,82,69
2013-7-23,96,83,70
2013-7-24,90,79,67
2013-7-25,85,75,65
2013-7-26,88,75,61
2013-7-27,83,73,63
2013-7-28,87,77,66
2013-7-29,92,78,64
2013-7-30,93,80,66
2013-7-31,94,84,73
2013-8-1,85,77,69
2013-8-2,91,79,66
2013-8-3,91,78,64
2013-8-4,92,80,67
2013-8-5,91,77,63
2013-8-6,88,79,69
2013-8-7,83,73,63
2013-8-8,88,76,64
2013-8-9,87,77,66
2013-8-10,84,74,63
2013-8-11,83,72,60
2013-8-12,83,74,64
2013-8-13,86,76,66
2013-8-14,90,78,65
2013-8-15,92,79,65
2013-8-16,96,80,64
2013-8-17,95,85,74
2013-8-18,93,81,69
2013-8-19,94,81,68
2013-8-20,90,78,65
2013-8-21,89,78,66
2013-8-22,90,79,67
2013-8-23,88,78,67
2013-8-24,85,78,70
2013-8-25,85,77,68
2013-8-26,87,77,67
2013-8-27,87,77,67
2013-8-28,87,76,65
2013-8-29,85,78,70
2013-8-30,91,79,67
2013-8-31,94,81,68
2013-9-1,94,82,70
2013-9-2,88,79,70
2013-9-3,91,80,68
2013-9-4,91,80,69
2013-9-5,90,79,67
2013-9-6,89,77,64
2013-9-7,89,78,66
2013-9-8,88,76,64
2013-9-9,86,76,65
2013-9-10,73,68,62
2013-9-11,80,72,63
2013-9-12,72,67,62
2013-9-13,73,68,62
2013-9-14,73,66,58
2013-9-15,79,69,58
2013-9-16,77,68,59
2013-9-17,80,70,60
2013-9-18,82,73,64
2013-9-19,84,73,62
2013-9-20,80,71,61
2013-9-21,79,69,59
2013-9-22,81,70,58
2013-9-23,73,61,48
2013-9-24,75,63,51
2013-9-25,84,69,53
2013-9-26,82,69,55
2013-9-27,73,62,50
2013-9-28,69,56,42
2013-9-29,76,60,44
2013-9-30,82,64,46
2013-10-1,83,66,49
2013-10-2,79,64,49
2013-10-3,77,65,52
2013-10-4,64,57,49
2013-10-5,62,51,40
2013-10-6,68,54,39
2013-10-7,74,58,42
2013-10-8,78,64,50
2013-10-9,75,63,50
2013-10-10,71,59,46
2013-10-11,63,51,38
2013-10-12,69,55,41
2013-10-13,78,65,52
2013-10-14,69,60,50
2013-10-15,66,54,42
2013-10-16,62,53,43
2013-10-17,64,50,36
2013-10-18,64,51,37
2013-10-19,63,49,35
2013-10-20,70,53,36
2013-10-21,64,54,43
2013-10-22,69,54,39
2013-10-23,70,56,42
2013-10-24,73,59,45
2013-10-25,65,56,46
2013-10-26,67,54,41
2013-10-27,67,56,44
2013-10-28,69,58,47
2013-10-29,69,59,48
2013-10-30,61,51,41
2013-10-31,57,44,31
2013-11-1,61,51,40
2013-11-2,63,49,35
2013-11-3,67,57,46
2013-11-4,66,53,40
2013-11-5,54,45,36
2013-11-6,55,42,29
2013-11-7,58,46,34
2013-11-8,62,48,34
2013-11-9,67,51,34
2013-11-10,66,53,39
2013-11-11,69,56,43
2013-11-12,56,49,42
2013-11-13,55,43,31
2013-11-14,60,49,37
2013-11-15,61,49,36
2013-11-16,59,52,45
2013-11-17,60,51,41
2013-11-18,57,47,36
2013-11-19,61,47,33
2013-11-20,49,45,40
2013-11-21,56,49,41
2013-11-22,41,35,29
2013-11-23,34,30,26
2013-11-24,33,28,22
2013-11-25,46,37,27
2013-11-26,47,37,27
2013-11-27,45,35,25
2013-11-28,49,39,28
2013-11-29,54,41,28
2013-11-30,54,43,32
2013-12-1,50,42,34
2013-12-2,52,42,31
2013-12-3,64,48,32
2013-12-4,61,50,38
2013-12-5,39,28,16
2013-12-6,34,23,11
2013-12-7,34,26,18
2013-12-8,35,30,25
2013-12-9,31,22,13
2013-12-10,33,23,13
2013-12-11,43,31,18
2013-12-12,41,31,21
2013-12-13,49,40,30
2013-12-14,46,37,27
2013-12-15,49,36,22
2013-12-16,53,39,25
2013-12-17,58,44,30
2013-12-18,52,40,27
2013-12-19,56,44,31
2013-12-20,52,41,30
2013-12-21,41,37,32
2013-12-22,41,35,28
2013-12-23,44,34,24
2013-12-24,48,36,24
2013-12-25,46,37,28
2013-12-26,47,35,23
2013-12-27,49,39,28
2013-12-28,46,34,22
2013-12-29,45,36,27
2013-12-30,50,36,22
2013-12-31,48,35,22
2014-1-1,55,41,26
2014-1-2,49,36,22
2014-1-3,49,37,24
2014-1-4,61,45,29
2014-1-5,39,31,22
2014-1-6,40,30,20
2014-1-7,42,31,20
2014-1-8,49,35,21
2014-1-9,49,37,24
2014-1-10,55,40,24
2014-1-11,55,41,27
2014-1-12,59,46,32
2014-1-13,50,40,29
2014-1-14,55,44,33
2014-1-15,54,40,25
2014-1-16,56,43,29
2014-1-17,51,39,27
2014-1-18,56,41,26
2014-1-19,55,39,23
2014-1-20,60,45,29
2014-1-21,54,41,27
2014-1-22,46,38,29
2014-1-23,38,29,20
2014-1-24,42,28,13
2014-1-25,50,37,23
2014-1-26,59,44,29
2014-1-27,50,40,29
2014-1-28,51,38,25
2014-1-29,52,37,22
2014-1-30,67,49,31
2014-1-31,60,51,41
2014-2-1,50,44,37
2014-2-2,45,36,27
2014-2-3,49,40,31
2014-2-4,42,34,26
2014-2-5,49,40,31
2014-2-6,31,25,19
2014-2-7,50,38,26
2014-2-8,56,41,25
2014-2-9,64,48,31
2014-2-10,63,49,35
2014-2-11,53,43,33
2014-2-12,59,46,32
2014-2-13,67,54,40
2014-2-14,70,54,37
2014-2-15,70,54,37
2014-2-16,70,55,39
2014-2-17,65,50,34
2014-2-18,68,53,37
2014-2-19,68,55,41
2014-2-20,48,41,33
2014-2-21,58,40,22
2014-2-22,64,46,27
2014-2-23,64,47,30
2014-2-24,68,49,30
2014-2-25,67,53,38
2014-2-26,65,48,30
2014-2-27,68,54,39
2014-2-28,64,49,33
2014-3-1,62,50,38
2014-3-2,57,47,37
2014-3-3,57,46,34
2014-3-4,56,43,30
2014-3-5,63,52,40
2014-3-6,62,48,34
2014-3-7,64,51,38
2014-3-8,53,45,36
2014-3-9,62,47,31
2014-3-10,68,49,30
2014-3-11,61,50,39
2014-3-12,53,43,32
2014-3-13,62,48,33
2014-3-14,59,48,36
2014-3-15,57,47,37
2014-3-16,60,47,33
2014-3-17,75,56,36
2014-3-18,55,45,35
2014-3-19,58,45,31
2014-3-20,68,48,27
2014-3-21,71,55,39
2014-3-22,64,52,39
2014-3-23,62,50,38
2014-3-24,69,53,36
2014-3-25,69,53,37
2014-3-26,68,55,41
2014-3-27,63,53,42
2014-3-28,63,53,42
2014-3-29,68,53,37
2014-3-30,74,59,43
2014-3-31,65,54,42
2014-4-1,75,58,41
2014-4-2,71,55,38
2014-4-3,55,46,36
2014-4-4,62,48,33
2014-4-5,63,50,37
2014-4-6,63,49,34
2014-4-7,66,53,39
2014-4-8,73,56,39
2014-4-9,81,63,44
2014-4-10,81,64,47
2014-4-11,78,62,46
2014-4-12,74,62,50
2014-4-13,76,62,47
2014-4-14,56,48,39
2014-4-15,68,51,33
2014-4-16,73,57,40
2014-4-17,69,58,47
2014-4-18,78,62,46
2014-4-19,61,55,48
2014-4-20,77,62,46
2014-4-21,80,66,51
2014-4-22,81,70,59
2014-4-23,77,65,53
2014-4-24,70,57,44
2014-4-25,80,61,41
2014-4-26,73,56,38
2014-4-27,60,50,39
2014-4-28,64,54,43
2014-4-29,60,49,38
2014-4-30,63,53,42
2014-5-1,63,53,43
2014-5-2,75,58,41
2014-5-3,82,64,46
2014-5-4,85,69,53
2014-5-5,85,69,52
2014-5-6,81,66,50
2014-5-7,73,62,51
2014-5-8,63,52,40
2014-5-9,76,57,38
2014-5-10,82,65,47
2014-5-11,80,65,50
2014-5-12,62,52,42
2014-5-13,56,47,38
2014-5-14,65,52,38
2014-5-15,77,59,41
2014-5-16,86,68,50
2014-5-17,86,72,57
2014-5-18,88,73,57
2014-5-19,89,71,52
2014-5-20,87,70,53
2014-5-21,86,72,57
2014-5-22,82,72,61
2014-5-23,74,64,54
2014-5-24,66,58,49
2014-5-25,70,57,43
2014-5-26,74,62,49
2014-5-27,89,71,53
2014-5-28,92,78,63
2014-5-29,86,76,66
2014-5-30,88,77,65
2014-5-31,92,77,62
2014-6-1,94,78,62
2014-6-2,94,77,59
2014-6-3,97,80,63
2014-6-4,96,79,62
2014-6-5,96,78,59
2014-6-6,95,81,67
2014-6-7,90,77,64
2014-6-8,91,77,63
2014-6-9,88,73,58
2014-6-10,90,75,59
2014-6-11,90,78,66
2014-6-12,90,77,63
2014-6-13,87,76,64
2014-6-14,93,76,59
2014-6-15,89,73,56
2014-6-16,92,76,59
2014-6-17,89,75,61
2014-6-18,87,73,59
2014-6-19,89,73,57
2014-6-20,92,78,64
2014-6-21,95,82,69
2014-6-22,95,79,62
2014-6-23,92,79,65
2014-6-24,92,79,66
2014-6-25,93,79,65
2014-6-26,97,80,63
2014-6-27,92,82,72
2014-6-28,94,79,64
2014-6-29,99,82,64
2014-6-30,100,85,69
2014-7-1,92,82,71
2014-7-2,88,78,67
2014-7-3,91,76,61
2014-7-4,87,75,63
2014-7-5,90,79,68
2014-7-6,94,81,68
2014-7-7,92,79,65
2014-7-8,93,81,69
2014-7-9,89,78,66
2014-7-10,91,79,66
2014-7-11,93,81,69
2014-7-12,91,79,66
2014-7-13,87,79,70
2014-7-14,91,77,63
2014-7-15,81,72,62
2014-7-16,86,74,61
2014-7-17,90,77,63
2014-7-18,94,80,66
2014-7-19,93,82,71
2014-7-20,95,80,65
2014-7-21,95,83,70
2014-7-22,96,84,72
2014-7-23,89,79,69
2014-7-24,92,81,69
2014-7-25,97,84,71
2014-7-26,100,85,70
2014-7-27,93,84,74
2014-7-28,86,78,69
2014-7-29,86,76,65
2014-7-30,90,78,65
2014-7-31,82,73,63
2014-8-1,81,71,61
2014-8-2,79,71,62
2014-8-3,81,72,63
2014-8-4,83,72,61
2014-8-5,85,74,62
2014-8-6,90,78,65
2014-8-7,78,70,61
2014-8-8,85,72,59
2014-8-9,90,78,66
2014-8-10,88,76,64
2014-8-11,87,77,66
2014-8-12,88,78,68
2014-8-13,83,76,68
2014-8-14,83,73,63
2014-8-15,88,76,64
2014-8-16,93,79,65
2014-8-17,92,80,68
2014-8-18,92,78,63
2014-8-19,90,78,65
2014-8-20,87,77,66
2014-8-21,88,75,62
2014-8-22,72,65,58
2014-8-23,82,70,58
2014-8-24,88,74,59
2014-8-25,88,75,62
2014-8-26,80,72,63
2014-8-27,80,70,60
2014-8-28,84,72,59
2014-8-29,85,74,62
2014-8-30,90,76,61
2014-8-31,92,79,65
2014-9-1,93,78,63
2014-9-2,94,77,60
2014-9-3,93,78,63
2014-9-4,92,79,66
2014-9-5,85,74,62
2014-9-6,80,72,63
2014-9-7,82,71,59
2014-9-8,83,72,61
2014-9-9,88,78,67
2014-9-10,85,76,66
2014-9-11,86,74,62
2014-9-12,71,61,51
2014-9-13,77,64,51
2014-9-14,82,72,61
2014-9-15,88,75,62
2014-9-16,72,67,61
2014-9-17,69,65,61
2014-9-18,81,70,58
2014-9-19,82,73,64
2014-9-20,91,77,63
2014-9-21,82,73,64
2014-9-22,81,73,65
2014-9-23,81,70,58
2014-9-24,85,74,62
2014-9-25,84,73,61
2014-9-26,79,68,57
2014-9-27,79,69,59
2014-9-28,81,71,61
2014-9-29,77,67,57
2014-9-30,76,61,46
2014-10-1,78,63,48
2014-10-2,73,62,51
2014-10-3,77,61,45
2014-10-4,80,65,49
2014-10-5,79,65,51
2014-10-6,83,67,50
2014-10-7,81,66,51
2014-10-8,69,64,58
2014-10-9,69,61,53
2014-10-10,64,60,55
2014-10-11,69,60,50
2014-10-12,75,63,50
2014-10-13,66,53,39
2014-10-14,72,55,38
2014-10-15,73,58,42
2014-10-16,79,64,49
2014-10-17,77,64,50
2014-10-18,74,65,56
2014-10-19,67,59,50
2014-10-20,73,60,47
2014-10-21,69,61,52
2014-10-22,73,63,52
2014-10-23,76,64,51
2014-10-24,79,63,47
2014-10-25,78,64,50
2014-10-26,76,64,51
2014-10-27,74,63,51
2014-10-28,70,58,46
2014-10-29,73,59,44
2014-10-30,72,59,46
2014-10-31,70,61,52
2014-11-1,69,60,51
2014-11-2,63,57,50
2014-11-3,57,50,42
2014-11-4,56,49,41
2014-11-5,64,49,34
2014-11-6,64,52,39
2014-11-7,67,52,37
2014-11-8,66,56,45
2014-11-9,64,52,39
2014-11-10,72,57,41
2014-11-11,70,56,41
2014-11-12,50,37,24
2014-11-13,44,33,21
2014-11-14,57,45,32
2014-11-15,63,51,38
2014-11-16,52,41,30
2014-11-17,45,35,24
2014-11-18,50,37,23
2014-11-19,52,39,26
2014-11-20,59,43,26
2014-11-21,53,40,27
2014-11-22,59,44,29
2014-11-23,50,42,33
2014-11-24,46,36,26
2014-11-25,50,34,18
2014-11-26,61,45,29
2014-11-27,61,46,31
2014-11-28,60,45,30
2014-11-29,65,49,33
2014-11-30,61,48,34
2014-12-1,59,45,31
2014-12-2,52,43,34
2014-12-3,63,51,38
2014-12-4,48,45,42
2014-12-5,57,49,41
2014-12-6,56,49,41
2014-12-7,59,49,39
2014-12-8,57,46,35
2014-12-9,58,47,36
2014-12-10,60,48,35
2014-12-11,61,49,36
2014-12-12,55,45,34
2014-12-13,61,47,32
2014-12-14,45,38,31
2014-12-15,46,38,29
2014-12-16,44,38,31
2014-12-17,43,38,32
2014-12-18,45,37,29
2014-12-19,45,38,31
2014-12-20,45,35,24
2014-12-21,51,40,28
2014-12-22,61,47,32
2014-12-23,43,36,29
2014-12-24,42,30,18
2014-12-25,52,41,30
2014-12-26,37,29,21
2014-12-27,37,27,17
2014-12-28,37,27,16
2014-12-29,47,34,20
2014-12-30,30,22,13
2014-12-31,26,20,13
2015-1-1,33.8,24.8,15.8
2015-1-2,42.8,30.2,19.4
2015-1-3,35.6,28.4,21.2
2015-1-4,42.8,30.2,17.6
2015-1-5,46.4,33.8,21.2
2015-1-6,55.4,42.8,28.4
2015-1-7,53.6,39.2,24.8
2015-1-8,41,30.2,21.2
2015-1-9,42.8,35.6,28.4
2015-1-10,44.6,37.4,32
2015-1-11,53.6,42.8,32
2015-1-12,44.6,37.4,30.2
2015-1-13,37.4,33.8,30.2
2015-1-14,39.2,33.8,26.6
2015-1-15,48.2,37.4,26.6
2015-1-16,50,37.4,23
2015-1-17,55.4,42.8,28.4
2015-1-18,55.4,39.2,23
2015-1-19,57.2,44.6,30.2
2015-1-20,57.2,46.4,33.8
2015-1-21,46.4,39.2,30.2
2015-1-22,35.6,30.2,24.8
2015-1-23,41,30.2,17.6
2015-1-24,51.8,37.4,23
2015-1-25,55.4,41,24.8
2015-1-26,57.2,44.6,30.2
2015-1-27,60.8,44.6,26.6
2015-1-28,62.6,48.2,33.8
2015-1-29,53.6,48.2,42.8
2015-1-30,41,37.4,33.8
2015-1-31,42.8,37.4,32
2015-2-1,51.8,42.8,32
2015-2-2,57.2,42.8,26.6
2015-2-3,59,44.6,30.2
2015-2-4,64.4,48.2,33.8
2015-2-5,64.4,48.2,32
2015-2-6,66.2,48.2,30.2
2015-2-7,69.8,53.6,35.6
2015-2-8,69.8,53.6,37.4
2015-2-9,69.8,53.6,37.4
2015-2-10,68,53.6,37.4
2015-2-11,51.8,44.6,39.2
2015-2-12,53.6,42.8,30.2
2015-2-13,64.4,46.4,30.2
2015-2-14,66.2,48.2,30.2
2015-2-15,69.8,53.6,37.4
2015-2-16,53.6,42.8,30.2
2015-2-17,51.8,37.4,24.8
2015-2-18,62.6,44.6,26.6
2015-2-19,68,48.2,30.2
2015-2-20,68,50,30.2
2015-2-21,66.2,51.8,33.8
2015-2-22,46.4,33.8,19.4
2015-2-23,33.8,24.8,15.8
2015-2-24,46.4,35.6,23
2015-2-25,57.2,41,24.8
2015-2-26,42.8,33.8,23
2015-2-27,28.4,24.8,21.2
2015-2-28,37.4,28.4,19.4
2015-3-1,62.6,48.2,33.8
2015-3-2,59,46.4,35.6
2015-3-3,55.4,48.2,39.2
2015-3-4,50,39.2,30.2
2015-3-5,53.6,39.2,23
2015-3-6,60.8,44.6,28.4
2015-3-7,62.6,46.4,32
2015-3-8,64.4,51.8,37.4
2015-3-9,64.4,53.6,41
2015-3-10,64.4,51.8,35.6
2015-3-11,68,53.6,39.2
2015-3-12,66.2,53.6,41
2015-3-13,66.2,55.4,44.6
2015-3-14,64.4,53.6,44.6
2015-3-15,68,53.6,39.2
2015-3-16,71.6,55.4,39.2
2015-3-17,62.6,53.6,46.4
2015-3-18,66.2,55.4,44.6
2015-3-19,55.4,48.2,41
2015-3-20,57.2,51.8,42.8
2015-3-21,66.2,51.8,37.4
2015-3-22,73.4,55.4,39.2
2015-3-23,73.4,59,44.6
2015-3-24,71.6,57.2,41
2015-3-25,69.8,55.4,42.8
2015-3-26,62.6,50,37.4
2015-3-27,77,60.8,42.8
2015-3-28,80.6,62.6,44.6
2015-3-29,80.6,62.6,46.4
2015-3-30,78.8,64.4,50
2015-3-31,78.8,64.4,48.2
2015-4-1,75.2,62.6,48.2
2015-4-2,75.2,60.8,46.4
2015-4-3,64.4,53.6,42.8
2015-4-4,68,53.6,39.2
2015-4-5,75.2,62.6,51.8
2015-4-6,77,62.6,46.4
2015-4-7,75.2,59,42.8
2015-4-8,77,62.6,48.2
2015-4-9,66.2,53.6,41
2015-4-10,71.6,59,44.6
2015-4-11,73.4,57.2,41
2015-4-12,73.4,60.8,46.4
2015-4-13,68,59,48.2
2015-4-14,73.4,57.2,42.8
2015-4-15,69.8,57.2,44.6
2015-4-16,62.6,46.4,30.2
2015-4-17,55.4,42.8,30.2
2015-4-18,62.6,48.2,35.6
2015-4-19,69.8,57.2,44.6
2015-4-20,71.6,57.2,42.8
2015-4-21,75.2,60.8,44.6
2015-4-22,75.2,62.6,48.2
2015-4-23,73.4,59,44.6
2015-4-24,60.8,53.6,44.6
2015-4-25,69.8,55.4,42.8
2015-4-26,59,51.8,42.8
2015-4-27,60.8,51.8,42.8
2015-4-28,64.4,53.6,42.8
2015-4-29,75.2,59,42.8
2015-4-30,82.4,64.4,48.2
2015-5-1,82.4,66.2,51.8
2015-5-2,80.6,66.2,53.6
2015-5-3,78.8,64.4,50
2015-5-4,77,60.8,44.6
2015-5-5,62.6,57.2,50
2015-5-6,71.6,60.8,51.8
2015-5-7,75.2,60.8,46.4
2015-5-8,75.2,62.6,48.2
2015-5-9,60.8,53.6,44.6
2015-5-10,68,53.6,39.2
2015-5-11,75.2,62.6,48.2
2015-5-12,69.8,60.8,51.8
2015-5-13,73.4,60.8,46.4
2015-5-14,75.2,64.4,55.4
2015-5-15,66.2,57.2,48.2
2015-5-16,60.8,50,39.2
2015-5-17,69.8,55.4,39.2
2015-5-18,78.8,64.4,51.8
2015-5-19,73.4,62.6,51.8
2015-5-20,78.8,62.6,48.2
2015-5-21,64.4,57.2,50
2015-5-22,75.2,62.6,48.2
2015-5-23,73.4,62.6,51.8
2015-5-24,69.8,57.2,46.4
2015-5-25,69.8,59,48.2
2015-5-26,75.2,62.6,46.4
2015-5-27,78.8,68,57.2
2015-5-28,86,69.8,53.6
2015-5-29,80.6,71.6,60.8
2015-5-30,82.4,71.6,59
2015-5-31,87.8,73.4,59
2015-6-1,89.6,75.2,60.8
2015-6-2,91.4,73.4,55.4
2015-6-3,89.6,73.4,57.2
2015-6-4,89.6,73.4,57.2
2015-6-5,80.6,73.4,64.4
2015-6-6,86,75.2,64.4
2015-6-7,86,73.4,59
2015-6-8,89.6,78.8,64.4
2015-6-9,84.2,75.2,66.2
2015-6-10,87.8,75.2,62.6
2015-6-11,89.6,77,62.6
2015-6-12,84.2,73.4,60.8
2015-6-13,80.6,69.8,59
2015-6-14,86,71.6,57.2
2015-6-15,87.8,77,66.2
2015-6-16,89.6,78.8,66.2
2015-6-17,93.2,80.6,66.2
2015-6-18,96.8,82.4,68
2015-6-19,96.8,82.4,69.8
2015-6-20,98.6,84.2,68
2015-6-21,100.4,82.4,64.4
2015-6-22,102.2,87.8,73.4
2015-6-23,96.8,84.2,71.6
2015-6-24,91.4,80.6,69.8
2015-6-25,93.2,80.6,66.2
2015-6-26,93.2,80.6,68
2015-6-27,87.8,75.2,64.4
2015-6-28,93.2,78.8,62.6
2015-6-29,95,80.6,66.2
2015-6-30,93.2,82.4,69.8
2015-7-1,95,82.4,69.8
2015-7-2,95,82.4,69.8
2015-7-3,87.8,78.8,69.8
2015-7-4,91.4,80.6,69.8
2015-7-5,89.6,78.8,64.4
2015-7-6,91.4,78.8,66.2
2015-7-7,80.6,69.8,60.8
2015-7-8,82.4,69.8,57.2
2015-7-9,75.2,68,60.8
2015-7-10,78.8,69.8,60.8
2015-7-11,84.2,73.4,62.6
2015-7-12,89.6,77,64.4
2015-7-13,89.6,75.2,62.6
2015-7-14,87.8,77,64.4
2015-7-15,87.8,75.2,64.4
2015-7-16,89.6,77,62.6
2015-7-17,82.4,75.2,66.2
2015-7-18,89.6,78.8,66.2
2015-7-19,87.8,75.2,62.6
2015-7-20,89.6,77,64.4
2015-7-21,87.8,75.2,64.4
2015-7-22,91.4,80.6,66.2
2015-7-23,93.2,80.6,69.8
2015-7-24,93.2,80.6,68
2015-7-25,95,80.6,64.4
2015-7-26,96.8,82.4,68
2015-7-27,91.4,78.8,64.4
2015-7-28,93.2,82.4,71.6
2015-7-29,82.4,75.2,66.2
2015-7-30,82.4,73.4,64.4
2015-7-31,86,77,68
2015-8-1,87.8,77,66.2
2015-8-2,82.4,75.2,66.2
2015-8-3,89.6,77,62.6
2015-8-4,93.2,78.8,64.4
2015-8-5,96.8,80.6,64.4
2015-8-6,98.6,82.4,64.4
2015-8-7,93.2,80.6,69.8
2015-8-8,86,75.2,64.4
2015-8-9,91.4,75.2,60.8
2015-8-10,91.4,80.6,68
2015-8-11,89.6,78.8,66.2
2015-8-12,91.4,80.6,68
2015-8-13,95,80.6,66.2
2015-8-14,98.6,84.2,71.6
2015-8-15,98.6,84.2,69.8
2015-8-16,96.8,82.4,68
2015-8-17,96.8,82.4,69.8
2015-8-18,98.6,82.4,64.4
2015-8-19,89.6,78.8,66.2
2015-8-20,93.2,78.8,62.6
2015-8-21,89.6,80.6,69.8
2015-8-22,93.2,78.8,64.4
2015-8-23,86,78.8,69.8
2015-8-24,87.8,77,64.4
2015-8-25,89.6,78.8,66.2
2015-8-26,82.4,73.4,62.6
2015-8-27,86,75.2,62.6
2015-8-28,91.4,77,62.6
2015-8-29,89.6,78.8,66.2
2015-8-30,91.4,78.8,64.4
2015-8-31,91.4,78.8,64.4
2015-9-1,87.8,77,64.4
2015-9-2,89.6,78.8,66.2
2015-9-3,87.8,75.2,64.4
2015-9-4,78.8,71.6,62.6
2015-9-5,80.6,71.6,62.6
2015-9-6,87.8,73.4,57.2
2015-9-7,89.6,77,62.6
2015-9-8,87.8,75.2,60.8
2015-9-9,89.6,78.8,66.2
2015-9-10,89.6,78.8,64.4
2015-9-11,86,75.2,62.6
2015-9-12,91.4,77,62.6
2015-9-13,91.4,77,60.8
2015-9-14,84.2,73.4,60.8
2015-9-15,84.2,73.4,62.6
2015-9-16,89.6,75.2,62.6
2015-9-17,86,71.6,57.2
2015-9-18,87.8,71.6,57.2
2015-9-19,80.6,71.6,60.8
2015-9-20,87.8,73.4,59
2015-9-21,82.4,73.4,62.6
2015-9-22,78.8,68,57.2
2015-9-23,80.6,69.8,57.2
2015-9-24,84.2,71.6,60.8
2015-9-25,80.6,69.8,59
2015-9-26,84.2,69.8,55.4
2015-9-27,91.4,75.2,59
2015-9-28,89.6,73.4,55.4
2015-9-29,89.6,75.2,60.8
2015-9-30,86,75.2,62.6
2015-10-1,87.8,75.2,64.4
2015-10-2,87.8,75.2,64.4
2015-10-3,75.2,66.2,59
2015-10-4,69.8,64.4,59
2015-10-5,73.4,64.4,57.2
2015-10-6,73.4,62.6,53.6
2015-10-7,68,57.2,48.2
2015-10-8,66.2,59,50
2015-10-9,73.4,64.4,55.4
2015-10-10,77,64.4,50
2015-10-11,82.4,66.2,51.8
2015-10-12,82.4,69.8,55.4
2015-10-13,86,69.8,51.8
2015-10-14,84.2,68,51.8
2015-10-15,82.4,68,53.6
2015-10-16,68,60.8,53.6
2015-10-17,71.6,60.8,48.2
2015-10-18,75.2,66.2,55.4
2015-10-19,73.4,64.4,55.4
2015-10-20,73.4,62.6,51.8
2015-10-21,55.4,51.8,46.4
2015-10-22,60.8,51.8,42.8
2015-10-23,66.2,55.4,42.8
2015-10-24,64.4,57.2,50
2015-10-25,64.4,55.4,44.6
2015-10-26,69.8,60.8,48.2
2015-10-27,73.4,59,44.6
2015-10-28,62.6,51.8,39.2
2015-10-29,60.8,53.6,44.6
2015-10-30,57.2,51.8,44.6
2015-10-31,64.4,53.6,42.8
2015-11-1,68,53.6,39.2
2015-11-2,71.6,57.2,42.8
2015-11-3,71.6,57.2,44.6
2015-11-4,57.2,50,42.8
2015-11-5,50,42.8,33.8
2015-11-6,55.4,42.8,30.2
2015-11-7,50,42.8,35.6
2015-11-8,55.4,44.6,33.8
2015-11-9,62.6,48.2,35.6
2015-11-10,66.2,51.8,37.4
2015-11-11,51.8,44.6,35.6
2015-11-12,55.4,42.8,28.4
2015-11-13,59,46.4,32
2015-11-14,62.6,48.2,33.8
2015-11-15,44.6,41,37.4
2015-11-16,55.4,42.8,30.2
2015-11-17,48.2,41,33.8
2015-11-18,53.6,44.6,33.8
2015-11-19,57.2,44.6,30.2
2015-11-20,62.6,48.2,33.8
2015-11-21,51.8,42.8,35.6
2015-11-22,55.4,41,26.6
2015-11-23,57.2,42.8,26.6
2015-11-24,62.6,46.4,30.2
2015-11-25,62.6,50,37.4
2015-11-26,60.8,55.4,48.2
2015-11-27,50,41,30.2
2015-11-28,48.2,39.2,30.2
2015-11-29,55.4,46.4,37.4
2015-11-30,42.8,35.6,28.4
2015-12-1,48.2,35.6,24.8
2015-12-2,48.2,35.6,21.2
2015-12-3,53.6,37.4,23
2015-12-4,55.4,41,26.6
2015-12-5,57.2,46.4,33.8
2015-12-6,51.8,41,28.4
2015-12-7,57.2,42.8,26.6
2015-12-8,57.2,42.8,28.4
2015-12-9,60.8,50,37.4
2015-12-10,62.6,48.2,33.8
2015-12-11,59,51.8,44.6
2015-12-12,51.8,42.8,32
2015-12-13,35.6,30.2,24.8
2015-12-14,46.4,33.8,21.2
2015-12-15,35.6,30.2,26.6
2015-12-16,37.4,28.4,17.6
2015-12-17,39.2,30.2,19.4
2015-12-18,46.4,35.6,21.2
2015-12-19,44.6,33.8,23
2015-12-20,51.8,42.8,32
2015-12-21,48.2,39.2,30.2
2015-12-22,46.4,39.2,32
2015-12-23,51.8,44.6,37.4
2015-12-24,42.8,35.6,30.2
2015-12-25,57.2,42.8,28.4
2015-12-26,33.8,30.2,26.6
2015-12-27,30.2,26.6,19.4
2015-12-28,28.4,24.8,19.4
2015-12-29,33.8,28.4,23
2015-12-30,35.6,26.6,17.6
2015-12-31,42.8,30.2,19.4
